[  373612ms] [ERROR] Failed to load resource: the server responded with a status of 500 (Internal Server Error) @ http://localhost:3000/:0
[  394353ms] [INFO] %cDownload the React DevTools for a better development experience: https://react.dev/link/react-devtools font-weight:bold @ http://localhost:3000/node_modules/.vite/deps/react-dom_client.js?v=543eb3e7:14335
[  394922ms] [ERROR] %o

%s

%s
 Error: DATABASE_URL must be configured.
    at http://localhost:3000/:13692:3628
    at http://localhost:3000/:13776:10 The above error occurred in the <MatchInnerImpl> component. React will try to recreate this component tree from scratch using the error boundary you provided, CatchBoundary. @ http://localhost:3000/node_modules/.vite/deps/@sentry_tanstackstart-react.js?v=001a7d0e:6388
[  394923ms] [WARNING] Warning: Error in route match: __root__/ @ http://localhost:3000/node_modules/.vite/deps/@sentry_tanstackstart-react.js?v=001a7d0e:6388
[  398675ms] [WARNING] The resource http://localhost:3000/src/styles/app.css was preloaded using link preload but not used within a few seconds from the window's load event. Please make sure it has an appropriate `as` value and it is preloaded intentionally. @ http://localhost:3000/:0
[  400788ms] [INFO] %cDownload the React DevTools for a better development experience: https://react.dev/link/react-devtools font-weight:bold @ http://localhost:3001/_next/static/chunks/node_modules_next_dist_1e8vcs8._.js:776
[  400857ms] [LOG] [HMR] connected @ http://localhost:3001/_next/static/chunks/node_modules_next_dist_1e8vcs8._.js:776
[  407868ms] [WARNING] Image with src "/project-figma-agent.png" was detected as the Largest Contentful Paint (LCP). Please add the `loading="eager"` property if this image is above the fold.
Read more: https://nextjs.org/docs/app/api-reference/components/image#loading @ http://localhost:3001/_next/static/chunks/node_modules_next_dist_1e8vcs8._.js:776
[  410858ms] [WARNING] Image with src "/project-n8n-ai-stage.png" was detected as the Largest Contentful Paint (LCP). Please add the `loading="eager"` property if this image is above the fold.
Read more: https://nextjs.org/docs/app/api-reference/components/image#loading @ http://localhost:3001/_next/static/chunks/node_modules_next_dist_1e8vcs8._.js:776
[  412014ms] [INFO] %cDownload the React DevTools for a better development experience: https://react.dev/link/react-devtools font-weight:bold @ http://localhost:3001/_next/static/chunks/node_modules_next_dist_1e8vcs8._.js:776
[  412031ms] [LOG] [HMR] connected @ http://localhost:3001/_next/static/chunks/node_modules_next_dist_1e8vcs8._.js:776
[  414043ms] [WARNING] Image with src "/project-figma-agent.png" was detected as the Largest Contentful Paint (LCP). Please add the `loading="eager"` property if this image is above the fold.
Read more: https://nextjs.org/docs/app/api-reference/components/image#loading @ http://localhost:3001/_next/static/chunks/node_modules_next_dist_1e8vcs8._.js:776
[  489996ms] [INFO] %cDownload the React DevTools for a better development experience: https://react.dev/link/react-devtools font-weight:bold @ http://localhost:3001/_next/static/chunks/node_modules_next_dist_1e8vcs8._.js:776
[  490023ms] [LOG] [HMR] connected @ http://localhost:3001/_next/static/chunks/node_modules_next_dist_1e8vcs8._.js:776
[  496073ms] [WARNING] Image with src "/project-figma-agent.png" was detected as the Largest Contentful Paint (LCP). Please add the `loading="eager"` property if this image is above the fold.
Read more: https://nextjs.org/docs/app/api-reference/components/image#loading @ http://localhost:3001/_next/static/chunks/node_modules_next_dist_1e8vcs8._.js:776
[  497086ms] [WARNING] Image with src "/project-n8n-ai-stage.png" was detected as the Largest Contentful Paint (LCP). Please add the `loading="eager"` property if this image is above the fold.
Read more: https://nextjs.org/docs/app/api-reference/components/image#loading @ http://localhost:3001/_next/static/chunks/node_modules_next_dist_1e8vcs8._.js:776
[  500445ms] [INFO] %cDownload the React DevTools for a better development experience: https://react.dev/link/react-devtools font-weight:bold @ http://localhost:3001/_next/static/chunks/node_modules_next_dist_1e8vcs8._.js:776
[  500475ms] [LOG] [HMR] connected @ http://localhost:3001/_next/static/chunks/node_modules_next_dist_1e8vcs8._.js:776
[  508280ms] [WARNING] Image with src "/project-n8n-ai-stage.png" was detected as the Largest Contentful Paint (LCP). Please add the `loading="eager"` property if this image is above the fold.
Read more: https://nextjs.org/docs/app/api-reference/components/image#loading @ http://localhost:3001/_next/static/chunks/node_modules_next_dist_1e8vcs8._.js:776
[  509590ms] [INFO] %cDownload the React DevTools for a better development experience: https://react.dev/link/react-devtools font-weight:bold @ http://localhost:3001/_next/static/chunks/node_modules_next_dist_1e8vcs8._.js:776
[  509605ms] [LOG] [HMR] connected @ http://localhost:3001/_next/static/chunks/node_modules_next_dist_1e8vcs8._.js:776
[  513661ms] [WARNING] Image with src "/project-figma-agent.png" was detected as the Largest Contentful Paint (LCP). Please add the `loading="eager"` property if this image is above the fold.
Read more: https://nextjs.org/docs/app/api-reference/components/image#loading @ http://localhost:3001/_next/static/chunks/node_modules_next_dist_1e8vcs8._.js:776
[  587443ms] [LOG] [Fast Refresh] rebuilding @ http://localhost:3001/_next/static/chunks/node_modules_next_dist_1e8vcs8._.js:776
[  587783ms] [LOG] [Fast Refresh] done in 388ms @ http://localhost:3001/_next/static/chunks/node_modules_next_dist_1e8vcs8._.js:776
[  587841ms] [LOG] [Fast Refresh] done in 388ms @ http://localhost:3001/_next/static/chunks/node_modules_next_dist_1e8vcs8._.js:776
[  587903ms] [LOG] [Fast Refresh] done in 388ms @ http://localhost:3001/_next/static/chunks/node_modules_next_dist_1e8vcs8._.js:776
[  587965ms] [LOG] [Fast Refresh] done in 388ms @ http://localhost:3001/_next/static/chunks/node_modules_next_dist_1e8vcs8._.js:776
[  588024ms] [LOG] [Fast Refresh] done in 388ms @ http://localhost:3001/_next/static/chunks/node_modules_next_dist_1e8vcs8._.js:776
[  588072ms] [LOG] [Fast Refresh] done in 388ms @ http://localhost:3001/_next/static/chunks/node_modules_next_dist_1e8vcs8._.js:776
[  588118ms] [LOG] [Fast Refresh] done in 388ms @ http://localhost:3001/_next/static/chunks/node_modules_next_dist_1e8vcs8._.js:776
[  588181ms] [LOG] [Fast Refresh] done in 388ms @ http://localhost:3001/_next/static/chunks/node_modules_next_dist_1e8vcs8._.js:776
[  588244ms] [LOG] [Fast Refresh] done in 388ms @ http://localhost:3001/_next/static/chunks/node_modules_next_dist_1e8vcs8._.js:776
[  588304ms] [LOG] [Fast Refresh] done in 388ms @ http://localhost:3001/_next/static/chunks/node_modules_next_dist_1e8vcs8._.js:776
[  588365ms] [LOG] [Fast Refresh] done in 388ms @ http://localhost:3001/_next/static/chunks/node_modules_next_dist_1e8vcs8._.js:776
[  588425ms] [LOG] [Fast Refresh] done in 388ms @ http://localhost:3001/_next/static/chunks/node_modules_next_dist_1e8vcs8._.js:776
[  588487ms] [LOG] [Fast Refresh] done in 388ms @ http://localhost:3001/_next/static/chunks/node_modules_next_dist_1e8vcs8._.js:776
[  588549ms] [LOG] [Fast Refresh] done in 388ms @ http://localhost:3001/_next/static/chunks/node_modules_next_dist_1e8vcs8._.js:776
[  588609ms] [LOG] [Fast Refresh] done in 388ms @ http://localhost:3001/_next/static/chunks/node_modules_next_dist_1e8vcs8._.js:776
[  588657ms] [LOG] [Fast Refresh] done in 388ms @ http://localhost:3001/_next/static/chunks/node_modules_next_dist_1e8vcs8._.js:776
[  588717ms] [LOG] [Fast Refresh] done in 388ms @ http://localhost:3001/_next/static/chunks/node_modules_next_dist_1e8vcs8._.js:776
[  588765ms] [LOG] [Fast Refresh] done in 388ms @ http://localhost:3001/_next/static/chunks/node_modules_next_dist_1e8vcs8._.js:776
[  588827ms] [LOG] [Fast Refresh] done in 388ms @ http://localhost:3001/_next/static/chunks/node_modules_next_dist_1e8vcs8._.js:776
[  588888ms] [LOG] [Fast Refresh] done in 388ms @ http://localhost:3001/_next/static/chunks/node_modules_next_dist_1e8vcs8._.js:776
[  588950ms] [LOG] [Fast Refresh] done in 388ms @ http://localhost:3001/_next/static/chunks/node_modules_next_dist_1e8vcs8._.js:776
[  589010ms] [LOG] [Fast Refresh] done in 388ms @ http://localhost:3001/_next/static/chunks/node_modules_next_dist_1e8vcs8._.js:776
[  589071ms] [LOG] [Fast Refresh] done in 388ms @ http://localhost:3001/_next/static/chunks/node_modules_next_dist_1e8vcs8._.js:776
[  589132ms] [LOG] [Fast Refresh] done in 388ms @ http://localhost:3001/_next/static/chunks/node_modules_next_dist_1e8vcs8._.js:776
[  589193ms] [LOG] [Fast Refresh] done in 388ms @ http://localhost:3001/_next/static/chunks/node_modules_next_dist_1e8vcs8._.js:776
[  589256ms] [LOG] [Fast Refresh] done in 388ms @ http://localhost:3001/_next/static/chunks/node_modules_next_dist_1e8vcs8._.js:776
[  589318ms] [LOG] [Fast Refresh] done in 388ms @ http://localhost:3001/_next/static/chunks/node_modules_next_dist_1e8vcs8._.js:776
[  589379ms] [LOG] [Fast Refresh] done in 388ms @ http://localhost:3001/_next/static/chunks/node_modules_next_dist_1e8vcs8._.js:776
[  589426ms] [LOG] [Fast Refresh] done in 388ms @ http://localhost:3001/_next/static/chunks/node_modules_next_dist_1e8vcs8._.js:776
[  589487ms] [LOG] [Fast Refresh] done in 388ms @ http://localhost:3001/_next/static/chunks/node_modules_next_dist_1e8vcs8._.js:776
[  589533ms] [LOG] [Fast Refresh] done in 388ms @ http://localhost:3001/_next/static/chunks/node_modules_next_dist_1e8vcs8._.js:776
[  589598ms] [LOG] [Fast Refresh] done in 388ms @ http://localhost:3001/_next/static/chunks/node_modules_next_dist_1e8vcs8._.js:776
[  589659ms] [LOG] [Fast Refresh] done in 388ms @ http://localhost:3001/_next/static/chunks/node_modules_next_dist_1e8vcs8._.js:776
[  589719ms] [LOG] [Fast Refresh] done in 388ms @ http://localhost:3001/_next/static/chunks/node_modules_next_dist_1e8vcs8._.js:776
[  589781ms] [LOG] [Fast Refresh] done in 388ms @ http://localhost:3001/_next/static/chunks/node_modules_next_dist_1e8vcs8._.js:776
[  589841ms] [LOG] [Fast Refresh] done in 388ms @ http://localhost:3001/_next/static/chunks/node_modules_next_dist_1e8vcs8._.js:776
[  589888ms] [LOG] [Fast Refresh] done in 388ms @ http://localhost:3001/_next/static/chunks/node_modules_next_dist_1e8vcs8._.js:776
[  589948ms] [LOG] [Fast Refresh] done in 388ms @ http://localhost:3001/_next/static/chunks/node_modules_next_dist_1e8vcs8._.js:776
[  590009ms] [LOG] [Fast Refresh] done in 388ms @ http://localhost:3001/_next/static/chunks/node_modules_next_dist_1e8vcs8._.js:776
[  590070ms] [LOG] [Fast Refresh] done in 388ms @ http://localhost:3001/_next/static/chunks/node_modules_next_dist_1e8vcs8._.js:776
[  590131ms] [LOG] [Fast Refresh] done in 388ms @ http://localhost:3001/_next/static/chunks/node_modules_next_dist_1e8vcs8._.js:776
[  590192ms] [LOG] [Fast Refresh] done in 388ms @ http://localhost:3001/_next/static/chunks/node_modules_next_dist_1e8vcs8._.js:776
[  590239ms] [LOG] [Fast Refresh] done in 388ms @ http://localhost:3001/_next/static/chunks/node_modules_next_dist_1e8vcs8._.js:776
[  590286ms] [LOG] [Fast Refresh] done in 388ms @ http://localhost:3001/_next/static/chunks/node_modules_next_dist_1e8vcs8._.js:776
[  590347ms] [LOG] [Fast Refresh] done in 388ms @ http://localhost:3001/_next/static/chunks/node_modules_next_dist_1e8vcs8._.js:776
[  590408ms] [LOG] [Fast Refresh] done in 388ms @ http://localhost:3001/_next/static/chunks/node_modules_next_dist_1e8vcs8._.js:776
[  590469ms] [LOG] [Fast Refresh] done in 388ms @ http://localhost:3001/_next/static/chunks/node_modules_next_dist_1e8vcs8._.js:776
[  590515ms] [LOG] [Fast Refresh] done in 388ms @ http://localhost:3001/_next/static/chunks/node_modules_next_dist_1e8vcs8._.js:776
[  590576ms] [LOG] [Fast Refresh] done in 388ms @ http://localhost:3001/_next/static/chunks/node_modules_next_dist_1e8vcs8._.js:776
[  590637ms] [LOG] [Fast Refresh] done in 388ms @ http://localhost:3001/_next/static/chunks/node_modules_next_dist_1e8vcs8._.js:776
[  590697ms] [LOG] [Fast Refresh] done in 388ms @ http://localhost:3001/_next/static/chunks/node_modules_next_dist_1e8vcs8._.js:776
[  590759ms] [LOG] [Fast Refresh] done in 388ms @ http://localhost:3001/_next/static/chunks/node_modules_next_dist_1e8vcs8._.js:776
[  590821ms] [LOG] [Fast Refresh] done in 388ms @ http://localhost:3001/_next/static/chunks/node_modules_next_dist_1e8vcs8._.js:776
[  590882ms] [LOG] [Fast Refresh] done in 388ms @ http://localhost:3001/_next/static/chunks/node_modules_next_dist_1e8vcs8._.js:776
[  590943ms] [LOG] [Fast Refresh] done in 388ms @ http://localhost:3001/_next/static/chunks/node_modules_next_dist_1e8vcs8._.js:776
[  591005ms] [LOG] [Fast Refresh] done in 388ms @ http://localhost:3001/_next/static/chunks/node_modules_next_dist_1e8vcs8._.js:776
[  591066ms] [LOG] [Fast Refresh] done in 388ms @ http://localhost:3001/_next/static/chunks/node_modules_next_dist_1e8vcs8._.js:776
[  591126ms] [LOG] [Fast Refresh] done in 388ms @ http://localhost:3001/_next/static/chunks/node_modules_next_dist_1e8vcs8._.js:776
[  591188ms] [LOG] [Fast Refresh] done in 388ms @ http://localhost:3001/_next/static/chunks/node_modules_next_dist_1e8vcs8._.js:776
[  591250ms] [LOG] [Fast Refresh] done in 388ms @ http://localhost:3001/_next/static/chunks/node_modules_next_dist_1e8vcs8._.js:776
[  591311ms] [LOG] [Fast Refresh] done in 388ms @ http://localhost:3001/_next/static/chunks/node_modules_next_dist_1e8vcs8._.js:776
[  591371ms] [LOG] [Fast Refresh] done in 388ms @ http://localhost:3001/_next/static/chunks/node_modules_next_dist_1e8vcs8._.js:776
[  591432ms] [LOG] [Fast Refresh] done in 388ms @ http://localhost:3001/_next/static/chunks/node_modules_next_dist_1e8vcs8._.js:776
[  591494ms] [LOG] [Fast Refresh] done in 388ms @ http://localhost:3001/_next/static/chunks/node_modules_next_dist_1e8vcs8._.js:776
[  591555ms] [LOG] [Fast Refresh] done in 388ms @ http://localhost:3001/_next/static/chunks/node_modules_next_dist_1e8vcs8._.js:776
[  591616ms] [LOG] [Fast Refresh] done in 388ms @ http://localhost:3001/_next/static/chunks/node_modules_next_dist_1e8vcs8._.js:776
[  591678ms] [LOG] [Fast Refresh] done in 388ms @ http://localhost:3001/_next/static/chunks/node_modules_next_dist_1e8vcs8._.js:776
[  591739ms] [LOG] [Fast Refresh] done in 388ms @ http://localhost:3001/_next/static/chunks/node_modules_next_dist_1e8vcs8._.js:776
[  591799ms] [LOG] [Fast Refresh] done in 388ms @ http://localhost:3001/_next/static/chunks/node_modules_next_dist_1e8vcs8._.js:776
[  591862ms] [LOG] [Fast Refresh] done in 388ms @ http://localhost:3001/_next/static/chunks/node_modules_next_dist_1e8vcs8._.js:776
[  591908ms] [LOG] [Fast Refresh] done in 388ms @ http://localhost:3001/_next/static/chunks/node_modules_next_dist_1e8vcs8._.js:776
[  591969ms] [LOG] [Fast Refresh] done in 388ms @ http://localhost:3001/_next/static/chunks/node_modules_next_dist_1e8vcs8._.js:776
[  592030ms] [LOG] [Fast Refresh] done in 388ms @ http://localhost:3001/_next/static/chunks/node_modules_next_dist_1e8vcs8._.js:776
[  592077ms] [LOG] [Fast Refresh] done in 388ms @ http://localhost:3001/_next/static/chunks/node_modules_next_dist_1e8vcs8._.js:776
[  592138ms] [LOG] [Fast Refresh] done in 388ms @ http://localhost:3001/_next/static/chunks/node_modules_next_dist_1e8vcs8._.js:776
[  592200ms] [LOG] [Fast Refresh] done in 388ms @ http://localhost:3001/_next/static/chunks/node_modules_next_dist_1e8vcs8._.js:776
[  592261ms] [LOG] [Fast Refresh] done in 388ms @ http://localhost:3001/_next/static/chunks/node_modules_next_dist_1e8vcs8._.js:776
[  592322ms] [LOG] [Fast Refresh] done in 388ms @ http://localhost:3001/_next/static/chunks/node_modules_next_dist_1e8vcs8._.js:776
[  592383ms] [LOG] [Fast Refresh] done in 388ms @ http://localhost:3001/_next/static/chunks/node_modules_next_dist_1e8vcs8._.js:776
[  592444ms] [LOG] [Fast Refresh] done in 388ms @ http://localhost:3001/_next/static/chunks/node_modules_next_dist_1e8vcs8._.js:776
[  592504ms] [LOG] [Fast Refresh] done in 388ms @ http://localhost:3001/_next/static/chunks/node_modules_next_dist_1e8vcs8._.js:776
[  592567ms] [LOG] [Fast Refresh] done in 388ms @ http://localhost:3001/_next/static/chunks/node_modules_next_dist_1e8vcs8._.js:776
[  592628ms] [LOG] [Fast Refresh] done in 388ms @ http://localhost:3001/_next/static/chunks/node_modules_next_dist_1e8vcs8._.js:776
[  592675ms] [LOG] [Fast Refresh] done in 388ms @ http://localhost:3001/_next/static/chunks/node_modules_next_dist_1e8vcs8._.js:776
[  592736ms] [LOG] [Fast Refresh] done in 388ms @ http://localhost:3001/_next/static/chunks/node_modules_next_dist_1e8vcs8._.js:776
[  592796ms] [LOG] [Fast Refresh] done in 388ms @ http://localhost:3001/_next/static/chunks/node_modules_next_dist_1e8vcs8._.js:776
[  592857ms] [LOG] [Fast Refresh] done in 388ms @ http://localhost:3001/_next/static/chunks/node_modules_next_dist_1e8vcs8._.js:776
[  592917ms] [LOG] [Fast Refresh] done in 388ms @ http://localhost:3001/_next/static/chunks/node_modules_next_dist_1e8vcs8._.js:776
[  592977ms] [LOG] [Fast Refresh] done in 388ms @ http://localhost:3001/_next/static/chunks/node_modules_next_dist_1e8vcs8._.js:776
[  593024ms] [LOG] [Fast Refresh] done in 388ms @ http://localhost:3001/_next/static/chunks/node_modules_next_dist_1e8vcs8._.js:776
[  593084ms] [LOG] [Fast Refresh] done in 388ms @ http://localhost:3001/_next/static/chunks/node_modules_next_dist_1e8vcs8._.js:776
[  593144ms] [LOG] [Fast Refresh] done in 388ms @ http://localhost:3001/_next/static/chunks/node_modules_next_dist_1e8vcs8._.js:776
[  593205ms] [LOG] [Fast Refresh] done in 388ms @ http://localhost:3001/_next/static/chunks/node_modules_next_dist_1e8vcs8._.js:776
[  593265ms] [LOG] [Fast Refresh] done in 388ms @ http://localhost:3001/_next/static/chunks/node_modules_next_dist_1e8vcs8._.js:776
[  593327ms] [LOG] [Fast Refresh] done in 388ms @ http://localhost:3001/_next/static/chunks/node_modules_next_dist_1e8vcs8._.js:776
[  593388ms] [LOG] [Fast Refresh] done in 388ms @ http://localhost:3001/_next/static/chunks/node_modules_next_dist_1e8vcs8._.js:776
[  593449ms] [LOG] [Fast Refresh] done in 388ms @ http://localhost:3001/_next/static/chunks/node_modules_next_dist_1e8vcs8._.js:776
[  593510ms] [LOG] [Fast Refresh] done in 388ms @ http://localhost:3001/_next/static/chunks/node_modules_next_dist_1e8vcs8._.js:776
[  593571ms] [LOG] [Fast Refresh] done in 388ms @ http://localhost:3001/_next/static/chunks/node_modules_next_dist_1e8vcs8._.js:776
[  593633ms] [LOG] [Fast Refresh] done in 388ms @ http://localhost:3001/_next/static/chunks/node_modules_next_dist_1e8vcs8._.js:776
[  593682ms] [LOG] [Fast Refresh] done in 388ms @ http://localhost:3001/_next/static/chunks/node_modules_next_dist_1e8vcs8._.js:776
[  593742ms] [LOG] [Fast Refresh] done in 388ms @ http://localhost:3001/_next/static/chunks/node_modules_next_dist_1e8vcs8._.js:776
[  593802ms] [LOG] [Fast Refresh] done in 388ms @ http://localhost:3001/_next/static/chunks/node_modules_next_dist_1e8vcs8._.js:776
[  593862ms] [LOG] [Fast Refresh] done in 388ms @ http://localhost:3001/_next/static/chunks/node_modules_next_dist_1e8vcs8._.js:776
[  593925ms] [LOG] [Fast Refresh] done in 388ms @ http://localhost:3001/_next/static/chunks/node_modules_next_dist_1e8vcs8._.js:776
[  593987ms] [LOG] [Fast Refresh] done in 388ms @ http://localhost:3001/_next/static/chunks/node_modules_next_dist_1e8vcs8._.js:776
[  594034ms] [LOG] [Fast Refresh] done in 388ms @ http://localhost:3001/_next/static/chunks/node_modules_next_dist_1e8vcs8._.js:776
[  594095ms] [LOG] [Fast Refresh] done in 388ms @ http://localhost:3001/_next/static/chunks/node_modules_next_dist_1e8vcs8._.js:776
[  594156ms] [LOG] [Fast Refresh] done in 388ms @ http://localhost:3001/_next/static/chunks/node_modules_next_dist_1e8vcs8._.js:776
[  594204ms] [LOG] [Fast Refresh] done in 388ms @ http://localhost:3001/_next/static/chunks/node_modules_next_dist_1e8vcs8._.js:776
[  594267ms] [LOG] [Fast Refresh] done in 388ms @ http://localhost:3001/_next/static/chunks/node_modules_next_dist_1e8vcs8._.js:776
[  594328ms] [LOG] [Fast Refresh] done in 388ms @ http://localhost:3001/_next/static/chunks/node_modules_next_dist_1e8vcs8._.js:776
[  594388ms] [LOG] [Fast Refresh] done in 388ms @ http://localhost:3001/_next/static/chunks/node_modules_next_dist_1e8vcs8._.js:776
[  594449ms] [LOG] [Fast Refresh] done in 388ms @ http://localhost:3001/_next/static/chunks/node_modules_next_dist_1e8vcs8._.js:776
[  594495ms] [LOG] [Fast Refresh] done in 388ms @ http://localhost:3001/_next/static/chunks/node_modules_next_dist_1e8vcs8._.js:776
[  594556ms] [LOG] [Fast Refresh] done in 388ms @ http://localhost:3001/_next/static/chunks/node_modules_next_dist_1e8vcs8._.js:776
[  594617ms] [LOG] [Fast Refresh] done in 388ms @ http://localhost:3001/_next/static/chunks/node_modules_next_dist_1e8vcs8._.js:776
[  594677ms] [LOG] [Fast Refresh] done in 388ms @ http://localhost:3001/_next/static/chunks/node_modules_next_dist_1e8vcs8._.js:776
[  594738ms] [LOG] [Fast Refresh] done in 388ms @ http://localhost:3001/_next/static/chunks/node_modules_next_dist_1e8vcs8._.js:776
[  594800ms] [LOG] [Fast Refresh] done in 388ms @ http://localhost:3001/_next/static/chunks/node_modules_next_dist_1e8vcs8._.js:776
[  594860ms] [LOG] [Fast Refresh] done in 388ms @ http://localhost:3001/_next/static/chunks/node_modules_next_dist_1e8vcs8._.js:776
[  594908ms] [LOG] [Fast Refresh] done in 388ms @ http://localhost:3001/_next/static/chunks/node_modules_next_dist_1e8vcs8._.js:776
[  594968ms] [LOG] [Fast Refresh] done in 388ms @ http://localhost:3001/_next/static/chunks/node_modules_next_dist_1e8vcs8._.js:776
[  595016ms] [LOG] [Fast Refresh] done in 388ms @ http://localhost:3001/_next/static/chunks/node_modules_next_dist_1e8vcs8._.js:776
[  595076ms] [LOG] [Fast Refresh] done in 388ms @ http://localhost:3001/_next/static/chunks/node_modules_next_dist_1e8vcs8._.js:776
[  595125ms] [LOG] [Fast Refresh] done in 388ms @ http://localhost:3001/_next/static/chunks/node_modules_next_dist_1e8vcs8._.js:776
[  595172ms] [LOG] [Fast Refresh] done in 388ms @ http://localhost:3001/_next/static/chunks/node_modules_next_dist_1e8vcs8._.js:776
[  595232ms] [LOG] [Fast Refresh] done in 388ms @ http://localhost:3001/_next/static/chunks/node_modules_next_dist_1e8vcs8._.js:776
[  595294ms] [LOG] [Fast Refresh] done in 388ms @ http://localhost:3001/_next/static/chunks/node_modules_next_dist_1e8vcs8._.js:776
[  595341ms] [LOG] [Fast Refresh] done in 388ms @ http://localhost:3001/_next/static/chunks/node_modules_next_dist_1e8vcs8._.js:776
[  595402ms] [LOG] [Fast Refresh] done in 388ms @ http://localhost:3001/_next/static/chunks/node_modules_next_dist_1e8vcs8._.js:776
[  595449ms] [LOG] [Fast Refresh] done in 388ms @ http://localhost:3001/_next/static/chunks/node_modules_next_dist_1e8vcs8._.js:776
[  595510ms] [LOG] [Fast Refresh] done in 388ms @ http://localhost:3001/_next/static/chunks/node_modules_next_dist_1e8vcs8._.js:776
[  595557ms] [LOG] [Fast Refresh] done in 388ms @ http://localhost:3001/_next/static/chunks/node_modules_next_dist_1e8vcs8._.js:776
[  595617ms] [LOG] [Fast Refresh] done in 388ms @ http://localhost:3001/_next/static/chunks/node_modules_next_dist_1e8vcs8._.js:776
[  595680ms] [LOG] [Fast Refresh] done in 388ms @ http://localhost:3001/_next/static/chunks/node_modules_next_dist_1e8vcs8._.js:776
[  595741ms] [LOG] [Fast Refresh] done in 388ms @ http://localhost:3001/_next/static/chunks/node_modules_next_dist_1e8vcs8._.js:776
[  595802ms] [LOG] [Fast Refresh] done in 388ms @ http://localhost:3001/_next/static/chunks/node_modules_next_dist_1e8vcs8._.js:776
[  595849ms] [LOG] [Fast Refresh] done in 388ms @ http://localhost:3001/_next/static/chunks/node_modules_next_dist_1e8vcs8._.js:776
[  595910ms] [LOG] [Fast Refresh] done in 388ms @ http://localhost:3001/_next/static/chunks/node_modules_next_dist_1e8vcs8._.js:776
[  595972ms] [LOG] [Fast Refresh] done in 388ms @ http://localhost:3001/_next/static/chunks/node_modules_next_dist_1e8vcs8._.js:776
[  596034ms] [LOG] [Fast Refresh] done in 388ms @ http://localhost:3001/_next/static/chunks/node_modules_next_dist_1e8vcs8._.js:776
[  596096ms] [LOG] [Fast Refresh] done in 388ms @ http://localhost:3001/_next/static/chunks/node_modules_next_dist_1e8vcs8._.js:776
[  596158ms] [LOG] [Fast Refresh] done in 388ms @ http://localhost:3001/_next/static/chunks/node_modules_next_dist_1e8vcs8._.js:776
[  596219ms] [LOG] [Fast Refresh] done in 388ms @ http://localhost:3001/_next/static/chunks/node_modules_next_dist_1e8vcs8._.js:776
[  596281ms] [LOG] [Fast Refresh] done in 388ms @ http://localhost:3001/_next/static/chunks/node_modules_next_dist_1e8vcs8._.js:776
[  596341ms] [LOG] [Fast Refresh] done in 388ms @ http://localhost:3001/_next/static/chunks/node_modules_next_dist_1e8vcs8._.js:776
[  596402ms] [LOG] [Fast Refresh] done in 388ms @ http://localhost:3001/_next/static/chunks/node_modules_next_dist_1e8vcs8._.js:776
[  596462ms] [LOG] [Fast Refresh] done in 388ms @ http://localhost:3001/_next/static/chunks/node_modules_next_dist_1e8vcs8._.js:776
[  596523ms] [LOG] [Fast Refresh] done in 388ms @ http://localhost:3001/_next/static/chunks/node_modules_next_dist_1e8vcs8._.js:776
[  596584ms] [LOG] [Fast Refresh] done in 388ms @ http://localhost:3001/_next/static/chunks/node_modules_next_dist_1e8vcs8._.js:776
[  596646ms] [LOG] [Fast Refresh] done in 388ms @ http://localhost:3001/_next/static/chunks/node_modules_next_dist_1e8vcs8._.js:776
[  596707ms] [LOG] [Fast Refresh] done in 388ms @ http://localhost:3001/_next/static/chunks/node_modules_next_dist_1e8vcs8._.js:776
[  596768ms] [LOG] [Fast Refresh] done in 388ms @ http://localhost:3001/_next/static/chunks/node_modules_next_dist_1e8vcs8._.js:776
[  596829ms] [LOG] [Fast Refresh] done in 388ms @ http://localhost:3001/_next/static/chunks/node_modules_next_dist_1e8vcs8._.js:776
[  596891ms] [LOG] [Fast Refresh] done in 388ms @ http://localhost:3001/_next/static/chunks/node_modules_next_dist_1e8vcs8._.js:776
[  596952ms] [LOG] [Fast Refresh] done in 388ms @ http://localhost:3001/_next/static/chunks/node_modules_next_dist_1e8vcs8._.js:776
[  597012ms] [LOG] [Fast Refresh] done in 388ms @ http://localhost:3001/_next/static/chunks/node_modules_next_dist_1e8vcs8._.js:776
[  597074ms] [LOG] [Fast Refresh] done in 388ms @ http://localhost:3001/_next/static/chunks/node_modules_next_dist_1e8vcs8._.js:776
[  597134ms] [LOG] [Fast Refresh] done in 388ms @ http://localhost:3001/_next/static/chunks/node_modules_next_dist_1e8vcs8._.js:776
[  597180ms] [LOG] [Fast Refresh] done in 388ms @ http://localhost:3001/_next/static/chunks/node_modules_next_dist_1e8vcs8._.js:776
[  597227ms] [LOG] [Fast Refresh] done in 388ms @ http://localhost:3001/_next/static/chunks/node_modules_next_dist_1e8vcs8._.js:776
[  597287ms] [LOG] [Fast Refresh] done in 388ms @ http://localhost:3001/_next/static/chunks/node_modules_next_dist_1e8vcs8._.js:776
[  597346ms] [LOG] [Fast Refresh] done in 388ms @ http://localhost:3001/_next/static/chunks/node_modules_next_dist_1e8vcs8._.js:776
[  597469ms] [INFO] %cDownload the React DevTools for a better development experience: https://react.dev/link/react-devtools font-weight:bold @ http://localhost:3001/_next/static/chunks/node_modules_next_dist_1e8vcs8._.js:776
[  597484ms] [LOG] [HMR] connected @ http://localhost:3001/_next/static/chunks/node_modules_next_dist_1e8vcs8._.js:776
[  601542ms] [WARNING] Image with src "/project-figma-agent.png" was detected as the Largest Contentful Paint (LCP). Please add the `loading="eager"` property if this image is above the fold.
Read more: https://nextjs.org/docs/app/api-reference/components/image#loading @ http://localhost:3001/_next/static/chunks/node_modules_next_dist_1e8vcs8._.js:776
[  605586ms] [INFO] %cDownload the React DevTools for a better development experience: https://react.dev/link/react-devtools font-weight:bold @ http://localhost:3001/_next/static/chunks/node_modules_next_dist_1e8vcs8._.js:776
[  605603ms] [LOG] [HMR] connected @ http://localhost:3001/_next/static/chunks/node_modules_next_dist_1e8vcs8._.js:776
[  613712ms] [WARNING] Image with src "/project-n8n-ai-stage.png" was detected as the Largest Contentful Paint (LCP). Please add the `loading="eager"` property if this image is above the fold.
Read more: https://nextjs.org/docs/app/api-reference/components/image#loading @ http://localhost:3001/_next/static/chunks/node_modules_next_dist_1e8vcs8._.js:776
[  614786ms] [INFO] %cDownload the React DevTools for a better development experience: https://react.dev/link/react-devtools font-weight:bold @ http://localhost:3001/_next/static/chunks/node_modules_next_dist_1e8vcs8._.js:776
[  614798ms] [LOG] [HMR] connected @ http://localhost:3001/_next/static/chunks/node_modules_next_dist_1e8vcs8._.js:776
[  619882ms] [WARNING] Image with src "/project-figma-agent.png" was detected as the Largest Contentful Paint (LCP). Please add the `loading="eager"` property if this image is above the fold.
Read more: https://nextjs.org/docs/app/api-reference/components/image#loading @ http://localhost:3001/_next/static/chunks/node_modules_next_dist_1e8vcs8._.js:776
[  644348ms] [LOG] [Fast Refresh] rebuilding @ http://localhost:3001/_next/static/chunks/node_modules_next_dist_1e8vcs8._.js:776
[  644409ms] [LOG] [Fast Refresh] done in 16ms @ http://localhost:3001/_next/static/chunks/node_modules_next_dist_1e8vcs8._.js:776
[  644469ms] [LOG] [Fast Refresh] done in 16ms @ http://localhost:3001/_next/static/chunks/node_modules_next_dist_1e8vcs8._.js:776
[  644529ms] [LOG] [Fast Refresh] done in 16ms @ http://localhost:3001/_next/static/chunks/node_modules_next_dist_1e8vcs8._.js:776
[  644591ms] [LOG] [Fast Refresh] done in 16ms @ http://localhost:3001/_next/static/chunks/node_modules_next_dist_1e8vcs8._.js:776
[  644652ms] [LOG] [Fast Refresh] done in 16ms @ http://localhost:3001/_next/static/chunks/node_modules_next_dist_1e8vcs8._.js:776
[  644715ms] [LOG] [Fast Refresh] done in 16ms @ http://localhost:3001/_next/static/chunks/node_modules_next_dist_1e8vcs8._.js:776
[  644762ms] [LOG] [Fast Refresh] done in 16ms @ http://localhost:3001/_next/static/chunks/node_modules_next_dist_1e8vcs8._.js:776
[  644846ms] [LOG] [Fast Refresh] done in 16ms @ http://localhost:3001/_next/static/chunks/node_modules_next_dist_1e8vcs8._.js:776
[  644920ms] [INFO] %cDownload the React DevTools for a better development experience: https://react.dev/link/react-devtools font-weight:bold @ http://localhost:3001/_next/static/chunks/node_modules_next_dist_1e8vcs8._.js:776
[  644932ms] [LOG] [HMR] connected @ http://localhost:3001/_next/static/chunks/node_modules_next_dist_1e8vcs8._.js:776
[  648973ms] [WARNING] Image with src "/project-figma-agent.png" was detected as the Largest Contentful Paint (LCP). Please add the `loading="eager"` property if this image is above the fold.
Read more: https://nextjs.org/docs/app/api-reference/components/image#loading @ http://localhost:3001/_next/static/chunks/node_modules_next_dist_1e8vcs8._.js:776
[  650933ms] [WARNING] Image with src "/project-n8n-ai-stage.png" was detected as the Largest Contentful Paint (LCP). Please add the `loading="eager"` property if this image is above the fold.
Read more: https://nextjs.org/docs/app/api-reference/components/image#loading @ http://localhost:3001/_next/static/chunks/node_modules_next_dist_1e8vcs8._.js:776
[  651984ms] [INFO] %cDownload the React DevTools for a better development experience: https://react.dev/link/react-devtools font-weight:bold @ http://localhost:3001/_next/static/chunks/node_modules_next_dist_1e8vcs8._.js:776
[  651995ms] [LOG] [HMR] connected @ http://localhost:3001/_next/static/chunks/node_modules_next_dist_1e8vcs8._.js:776
[  659043ms] [WARNING] Image with src "/project-n8n-ai-stage.png" was detected as the Largest Contentful Paint (LCP). Please add the `loading="eager"` property if this image is above the fold.
Read more: https://nextjs.org/docs/app/api-reference/components/image#loading @ http://localhost:3001/_next/static/chunks/node_modules_next_dist_1e8vcs8._.js:776
[  660169ms] [INFO] %cDownload the React DevTools for a better development experience: https://react.dev/link/react-devtools font-weight:bold @ http://localhost:3001/_next/static/chunks/node_modules_next_dist_1e8vcs8._.js:776
[  660182ms] [LOG] [HMR] connected @ http://localhost:3001/_next/static/chunks/node_modules_next_dist_1e8vcs8._.js:776
[  665263ms] [WARNING] Image with src "/project-figma-agent.png" was detected as the Largest Contentful Paint (LCP). Please add the `loading="eager"` property if this image is above the fold.
Read more: https://nextjs.org/docs/app/api-reference/components/image#loading @ http://localhost:3001/_next/static/chunks/node_modules_next_dist_1e8vcs8._.js:776
[  683895ms] [LOG] [Fast Refresh] rebuilding @ http://localhost:3001/_next/static/chunks/node_modules_next_dist_1e8vcs8._.js:776
[  685004ms] [LOG] [Fast Refresh] done in 15ms @ http://localhost:3001/_next/static/chunks/node_modules_next_dist_1e8vcs8._.js:776
[  685063ms] [LOG] [Fast Refresh] done in 15ms @ http://localhost:3001/_next/static/chunks/node_modules_next_dist_1e8vcs8._.js:776
[  685125ms] [LOG] [Fast Refresh] done in 15ms @ http://localhost:3001/_next/static/chunks/node_modules_next_dist_1e8vcs8._.js:776
[  685187ms] [LOG] [Fast Refresh] done in 15ms @ http://localhost:3001/_next/static/chunks/node_modules_next_dist_1e8vcs8._.js:776
[  685247ms] [LOG] [Fast Refresh] done in 15ms @ http://localhost:3001/_next/static/chunks/node_modules_next_dist_1e8vcs8._.js:776
[  685308ms] [LOG] [Fast Refresh] done in 15ms @ http://localhost:3001/_next/static/chunks/node_modules_next_dist_1e8vcs8._.js:776
[  685370ms] [LOG] [Fast Refresh] done in 15ms @ http://localhost:3001/_next/static/chunks/node_modules_next_dist_1e8vcs8._.js:776
[  685431ms] [LOG] [Fast Refresh] done in 15ms @ http://localhost:3001/_next/static/chunks/node_modules_next_dist_1e8vcs8._.js:776
[  685493ms] [LOG] [Fast Refresh] done in 15ms @ http://localhost:3001/_next/static/chunks/node_modules_next_dist_1e8vcs8._.js:776
[  685556ms] [LOG] [Fast Refresh] done in 15ms @ http://localhost:3001/_next/static/chunks/node_modules_next_dist_1e8vcs8._.js:776
[  685618ms] [LOG] [Fast Refresh] done in 15ms @ http://localhost:3001/_next/static/chunks/node_modules_next_dist_1e8vcs8._.js:776
[  685679ms] [LOG] [Fast Refresh] done in 15ms @ http://localhost:3001/_next/static/chunks/node_modules_next_dist_1e8vcs8._.js:776
[  685725ms] [LOG] [Fast Refresh] done in 15ms @ http://localhost:3001/_next/static/chunks/node_modules_next_dist_1e8vcs8._.js:776
[  685787ms] [LOG] [Fast Refresh] done in 15ms @ http://localhost:3001/_next/static/chunks/node_modules_next_dist_1e8vcs8._.js:776
[  685849ms] [LOG] [Fast Refresh] done in 15ms @ http://localhost:3001/_next/static/chunks/node_modules_next_dist_1e8vcs8._.js:776
[  685911ms] [LOG] [Fast Refresh] done in 15ms @ http://localhost:3001/_next/static/chunks/node_modules_next_dist_1e8vcs8._.js:776
[  685973ms] [LOG] [Fast Refresh] done in 15ms @ http://localhost:3001/_next/static/chunks/node_modules_next_dist_1e8vcs8._.js:776
[  686035ms] [LOG] [Fast Refresh] done in 15ms @ http://localhost:3001/_next/static/chunks/node_modules_next_dist_1e8vcs8._.js:776
[  686098ms] [LOG] [Fast Refresh] done in 15ms @ http://localhost:3001/_next/static/chunks/node_modules_next_dist_1e8vcs8._.js:776
[  686174ms] [LOG] [Fast Refresh] done in 15ms @ http://localhost:3001/_next/static/chunks/node_modules_next_dist_1e8vcs8._.js:776
[  686221ms] [LOG] [Fast Refresh] done in 15ms @ http://localhost:3001/_next/static/chunks/node_modules_next_dist_1e8vcs8._.js:776
[  686283ms] [LOG] [Fast Refresh] done in 15ms @ http://localhost:3001/_next/static/chunks/node_modules_next_dist_1e8vcs8._.js:776
[  686344ms] [LOG] [Fast Refresh] done in 15ms @ http://localhost:3001/_next/static/chunks/node_modules_next_dist_1e8vcs8._.js:776
[  686406ms] [LOG] [Fast Refresh] done in 15ms @ http://localhost:3001/_next/static/chunks/node_modules_next_dist_1e8vcs8._.js:776
[  686453ms] [LOG] [Fast Refresh] done in 15ms @ http://localhost:3001/_next/static/chunks/node_modules_next_dist_1e8vcs8._.js:776
[  686514ms] [LOG] [Fast Refresh] done in 15ms @ http://localhost:3001/_next/static/chunks/node_modules_next_dist_1e8vcs8._.js:776
[  686561ms] [LOG] [Fast Refresh] done in 15ms @ http://localhost:3001/_next/static/chunks/node_modules_next_dist_1e8vcs8._.js:776
[  686608ms] [LOG] [Fast Refresh] done in 15ms @ http://localhost:3001/_next/static/chunks/node_modules_next_dist_1e8vcs8._.js:776
[  686670ms] [LOG] [Fast Refresh] done in 15ms @ http://localhost:3001/_next/static/chunks/node_modules_next_dist_1e8vcs8._.js:776
[  686731ms] [LOG] [Fast Refresh] done in 15ms @ http://localhost:3001/_next/static/chunks/node_modules_next_dist_1e8vcs8._.js:776
[  686777ms] [LOG] [Fast Refresh] done in 15ms @ http://localhost:3001/_next/static/chunks/node_modules_next_dist_1e8vcs8._.js:776
[  686838ms] [LOG] [Fast Refresh] done in 15ms @ http://localhost:3001/_next/static/chunks/node_modules_next_dist_1e8vcs8._.js:776
[  686886ms] [LOG] [Fast Refresh] done in 15ms @ http://localhost:3001/_next/static/chunks/node_modules_next_dist_1e8vcs8._.js:776
[  686948ms] [LOG] [Fast Refresh] done in 15ms @ http://localhost:3001/_next/static/chunks/node_modules_next_dist_1e8vcs8._.js:776
[  687010ms] [LOG] [Fast Refresh] done in 15ms @ http://localhost:3001/_next/static/chunks/node_modules_next_dist_1e8vcs8._.js:776
[  687071ms] [LOG] [Fast Refresh] done in 15ms @ http://localhost:3001/_next/static/chunks/node_modules_next_dist_1e8vcs8._.js:776
[  687132ms] [LOG] [Fast Refresh] done in 15ms @ http://localhost:3001/_next/static/chunks/node_modules_next_dist_1e8vcs8._.js:776
[  687195ms] [LOG] [Fast Refresh] done in 15ms @ http://localhost:3001/_next/static/chunks/node_modules_next_dist_1e8vcs8._.js:776
[  687256ms] [LOG] [Fast Refresh] done in 15ms @ http://localhost:3001/_next/static/chunks/node_modules_next_dist_1e8vcs8._.js:776
[  687317ms] [LOG] [Fast Refresh] done in 15ms @ http://localhost:3001/_next/static/chunks/node_modules_next_dist_1e8vcs8._.js:776
[  687379ms] [LOG] [Fast Refresh] done in 15ms @ http://localhost:3001/_next/static/chunks/node_modules_next_dist_1e8vcs8._.js:776
[  687441ms] [LOG] [Fast Refresh] done in 15ms @ http://localhost:3001/_next/static/chunks/node_modules_next_dist_1e8vcs8._.js:776
[  687502ms] [LOG] [Fast Refresh] done in 15ms @ http://localhost:3001/_next/static/chunks/node_modules_next_dist_1e8vcs8._.js:776
[  687563ms] [LOG] [Fast Refresh] done in 15ms @ http://localhost:3001/_next/static/chunks/node_modules_next_dist_1e8vcs8._.js:776
[  687624ms] [LOG] [Fast Refresh] done in 15ms @ http://localhost:3001/_next/static/chunks/node_modules_next_dist_1e8vcs8._.js:776
[  687686ms] [LOG] [Fast Refresh] done in 15ms @ http://localhost:3001/_next/static/chunks/node_modules_next_dist_1e8vcs8._.js:776
[  687747ms] [LOG] [Fast Refresh] done in 15ms @ http://localhost:3001/_next/static/chunks/node_modules_next_dist_1e8vcs8._.js:776
[  687808ms] [LOG] [Fast Refresh] done in 15ms @ http://localhost:3001/_next/static/chunks/node_modules_next_dist_1e8vcs8._.js:776
[  687856ms] [LOG] [Fast Refresh] done in 15ms @ http://localhost:3001/_next/static/chunks/node_modules_next_dist_1e8vcs8._.js:776
[  687903ms] [LOG] [Fast Refresh] done in 15ms @ http://localhost:3001/_next/static/chunks/node_modules_next_dist_1e8vcs8._.js:776
[  687964ms] [LOG] [Fast Refresh] done in 15ms @ http://localhost:3001/_next/static/chunks/node_modules_next_dist_1e8vcs8._.js:776
[  688026ms] [LOG] [Fast Refresh] done in 15ms @ http://localhost:3001/_next/static/chunks/node_modules_next_dist_1e8vcs8._.js:776
[  688087ms] [LOG] [Fast Refresh] done in 15ms @ http://localhost:3001/_next/static/chunks/node_modules_next_dist_1e8vcs8._.js:776
[  688148ms] [LOG] [Fast Refresh] done in 15ms @ http://localhost:3001/_next/static/chunks/node_modules_next_dist_1e8vcs8._.js:776
[  688209ms] [LOG] [Fast Refresh] done in 15ms @ http://localhost:3001/_next/static/chunks/node_modules_next_dist_1e8vcs8._.js:776
[  688271ms] [LOG] [Fast Refresh] done in 15ms @ http://localhost:3001/_next/static/chunks/node_modules_next_dist_1e8vcs8._.js:776
[  688331ms] [LOG] [Fast Refresh] done in 15ms @ http://localhost:3001/_next/static/chunks/node_modules_next_dist_1e8vcs8._.js:776
[  688391ms] [LOG] [Fast Refresh] done in 15ms @ http://localhost:3001/_next/static/chunks/node_modules_next_dist_1e8vcs8._.js:776
[  688452ms] [LOG] [Fast Refresh] done in 15ms @ http://localhost:3001/_next/static/chunks/node_modules_next_dist_1e8vcs8._.js:776
[  688514ms] [LOG] [Fast Refresh] done in 15ms @ http://localhost:3001/_next/static/chunks/node_modules_next_dist_1e8vcs8._.js:776
[  688561ms] [LOG] [Fast Refresh] done in 15ms @ http://localhost:3001/_next/static/chunks/node_modules_next_dist_1e8vcs8._.js:776
[  688623ms] [LOG] [Fast Refresh] done in 15ms @ http://localhost:3001/_next/static/chunks/node_modules_next_dist_1e8vcs8._.js:776
[  688685ms] [LOG] [Fast Refresh] done in 15ms @ http://localhost:3001/_next/static/chunks/node_modules_next_dist_1e8vcs8._.js:776
[  688746ms] [LOG] [Fast Refresh] done in 15ms @ http://localhost:3001/_next/static/chunks/node_modules_next_dist_1e8vcs8._.js:776
[  688808ms] [LOG] [Fast Refresh] done in 15ms @ http://localhost:3001/_next/static/chunks/node_modules_next_dist_1e8vcs8._.js:776
[  688871ms] [LOG] [Fast Refresh] done in 15ms @ http://localhost:3001/_next/static/chunks/node_modules_next_dist_1e8vcs8._.js:776
[  688932ms] [LOG] [Fast Refresh] done in 15ms @ http://localhost:3001/_next/static/chunks/node_modules_next_dist_1e8vcs8._.js:776
[  688979ms] [LOG] [Fast Refresh] done in 15ms @ http://localhost:3001/_next/static/chunks/node_modules_next_dist_1e8vcs8._.js:776
[  689041ms] [LOG] [Fast Refresh] done in 15ms @ http://localhost:3001/_next/static/chunks/node_modules_next_dist_1e8vcs8._.js:776
[  689103ms] [LOG] [Fast Refresh] done in 15ms @ http://localhost:3001/_next/static/chunks/node_modules_next_dist_1e8vcs8._.js:776
[  689165ms] [LOG] [Fast Refresh] done in 15ms @ http://localhost:3001/_next/static/chunks/node_modules_next_dist_1e8vcs8._.js:776
[  689227ms] [LOG] [Fast Refresh] done in 15ms @ http://localhost:3001/_next/static/chunks/node_modules_next_dist_1e8vcs8._.js:776
[  689288ms] [LOG] [Fast Refresh] done in 15ms @ http://localhost:3001/_next/static/chunks/node_modules_next_dist_1e8vcs8._.js:776
[  689335ms] [LOG] [Fast Refresh] done in 15ms @ http://localhost:3001/_next/static/chunks/node_modules_next_dist_1e8vcs8._.js:776
[  689398ms] [LOG] [Fast Refresh] done in 15ms @ http://localhost:3001/_next/static/chunks/node_modules_next_dist_1e8vcs8._.js:776
[  689459ms] [LOG] [Fast Refresh] done in 15ms @ http://localhost:3001/_next/static/chunks/node_modules_next_dist_1e8vcs8._.js:776
[  689519ms] [LOG] [Fast Refresh] done in 15ms @ http://localhost:3001/_next/static/chunks/node_modules_next_dist_1e8vcs8._.js:776
[  689581ms] [LOG] [Fast Refresh] done in 15ms @ http://localhost:3001/_next/static/chunks/node_modules_next_dist_1e8vcs8._.js:776
[  689628ms] [LOG] [Fast Refresh] done in 15ms @ http://localhost:3001/_next/static/chunks/node_modules_next_dist_1e8vcs8._.js:776
[  689690ms] [LOG] [Fast Refresh] done in 15ms @ http://localhost:3001/_next/static/chunks/node_modules_next_dist_1e8vcs8._.js:776
[  689750ms] [LOG] [Fast Refresh] done in 15ms @ http://localhost:3001/_next/static/chunks/node_modules_next_dist_1e8vcs8._.js:776
[  689812ms] [LOG] [Fast Refresh] done in 15ms @ http://localhost:3001/_next/static/chunks/node_modules_next_dist_1e8vcs8._.js:776
[  689874ms] [LOG] [Fast Refresh] done in 15ms @ http://localhost:3001/_next/static/chunks/node_modules_next_dist_1e8vcs8._.js:776
[  689934ms] [LOG] [Fast Refresh] done in 15ms @ http://localhost:3001/_next/static/chunks/node_modules_next_dist_1e8vcs8._.js:776
[  689995ms] [LOG] [Fast Refresh] done in 15ms @ http://localhost:3001/_next/static/chunks/node_modules_next_dist_1e8vcs8._.js:776
[  690057ms] [LOG] [Fast Refresh] done in 15ms @ http://localhost:3001/_next/static/chunks/node_modules_next_dist_1e8vcs8._.js:776
[  690118ms] [LOG] [Fast Refresh] done in 15ms @ http://localhost:3001/_next/static/chunks/node_modules_next_dist_1e8vcs8._.js:776
[  690180ms] [LOG] [Fast Refresh] done in 15ms @ http://localhost:3001/_next/static/chunks/node_modules_next_dist_1e8vcs8._.js:776
[  690227ms] [LOG] [Fast Refresh] done in 15ms @ http://localhost:3001/_next/static/chunks/node_modules_next_dist_1e8vcs8._.js:776
[  690274ms] [LOG] [Fast Refresh] done in 15ms @ http://localhost:3001/_next/static/chunks/node_modules_next_dist_1e8vcs8._.js:776
[  690335ms] [LOG] [Fast Refresh] done in 15ms @ http://localhost:3001/_next/static/chunks/node_modules_next_dist_1e8vcs8._.js:776
[  690396ms] [LOG] [Fast Refresh] done in 15ms @ http://localhost:3001/_next/static/chunks/node_modules_next_dist_1e8vcs8._.js:776
[  690458ms] [LOG] [Fast Refresh] done in 15ms @ http://localhost:3001/_next/static/chunks/node_modules_next_dist_1e8vcs8._.js:776
[  690519ms] [LOG] [Fast Refresh] done in 15ms @ http://localhost:3001/_next/static/chunks/node_modules_next_dist_1e8vcs8._.js:776
[  690580ms] [LOG] [Fast Refresh] done in 15ms @ http://localhost:3001/_next/static/chunks/node_modules_next_dist_1e8vcs8._.js:776
[  690642ms] [LOG] [Fast Refresh] done in 15ms @ http://localhost:3001/_next/static/chunks/node_modules_next_dist_1e8vcs8._.js:776
[  690702ms] [LOG] [Fast Refresh] done in 15ms @ http://localhost:3001/_next/static/chunks/node_modules_next_dist_1e8vcs8._.js:776
[  690762ms] [LOG] [Fast Refresh] done in 15ms @ http://localhost:3001/_next/static/chunks/node_modules_next_dist_1e8vcs8._.js:776
[  690824ms] [LOG] [Fast Refresh] done in 15ms @ http://localhost:3001/_next/static/chunks/node_modules_next_dist_1e8vcs8._.js:776
[  690886ms] [LOG] [Fast Refresh] done in 15ms @ http://localhost:3001/_next/static/chunks/node_modules_next_dist_1e8vcs8._.js:776
[  690949ms] [LOG] [Fast Refresh] done in 15ms @ http://localhost:3001/_next/static/chunks/node_modules_next_dist_1e8vcs8._.js:776
[  691009ms] [LOG] [Fast Refresh] done in 15ms @ http://localhost:3001/_next/static/chunks/node_modules_next_dist_1e8vcs8._.js:776
[  691057ms] [LOG] [Fast Refresh] done in 15ms @ http://localhost:3001/_next/static/chunks/node_modules_next_dist_1e8vcs8._.js:776
[  691103ms] [LOG] [Fast Refresh] done in 15ms @ http://localhost:3001/_next/static/chunks/node_modules_next_dist_1e8vcs8._.js:776
[  691164ms] [LOG] [Fast Refresh] done in 15ms @ http://localhost:3001/_next/static/chunks/node_modules_next_dist_1e8vcs8._.js:776
[  691226ms] [LOG] [Fast Refresh] done in 15ms @ http://localhost:3001/_next/static/chunks/node_modules_next_dist_1e8vcs8._.js:776
[  691275ms] [LOG] [Fast Refresh] done in 15ms @ http://localhost:3001/_next/static/chunks/node_modules_next_dist_1e8vcs8._.js:776
[  691335ms] [LOG] [Fast Refresh] done in 15ms @ http://localhost:3001/_next/static/chunks/node_modules_next_dist_1e8vcs8._.js:776
[  691396ms] [LOG] [Fast Refresh] done in 15ms @ http://localhost:3001/_next/static/chunks/node_modules_next_dist_1e8vcs8._.js:776
[  691443ms] [LOG] [Fast Refresh] done in 15ms @ http://localhost:3001/_next/static/chunks/node_modules_next_dist_1e8vcs8._.js:776
[  691504ms] [LOG] [Fast Refresh] done in 15ms @ http://localhost:3001/_next/static/chunks/node_modules_next_dist_1e8vcs8._.js:776
[  691566ms] [LOG] [Fast Refresh] done in 15ms @ http://localhost:3001/_next/static/chunks/node_modules_next_dist_1e8vcs8._.js:776
[  691612ms] [LOG] [Fast Refresh] done in 15ms @ http://localhost:3001/_next/static/chunks/node_modules_next_dist_1e8vcs8._.js:776
[  691675ms] [LOG] [Fast Refresh] done in 15ms @ http://localhost:3001/_next/static/chunks/node_modules_next_dist_1e8vcs8._.js:776
[  691737ms] [LOG] [Fast Refresh] done in 15ms @ http://localhost:3001/_next/static/chunks/node_modules_next_dist_1e8vcs8._.js:776
[  691798ms] [LOG] [Fast Refresh] done in 15ms @ http://localhost:3001/_next/static/chunks/node_modules_next_dist_1e8vcs8._.js:776
[  691859ms] [LOG] [Fast Refresh] done in 15ms @ http://localhost:3001/_next/static/chunks/node_modules_next_dist_1e8vcs8._.js:776
[  691921ms] [LOG] [Fast Refresh] done in 15ms @ http://localhost:3001/_next/static/chunks/node_modules_next_dist_1e8vcs8._.js:776
[  691983ms] [LOG] [Fast Refresh] done in 15ms @ http://localhost:3001/_next/static/chunks/node_modules_next_dist_1e8vcs8._.js:776
[  692045ms] [LOG] [Fast Refresh] done in 15ms @ http://localhost:3001/_next/static/chunks/node_modules_next_dist_1e8vcs8._.js:776
[  692107ms] [LOG] [Fast Refresh] done in 15ms @ http://localhost:3001/_next/static/chunks/node_modules_next_dist_1e8vcs8._.js:776
[  692169ms] [LOG] [Fast Refresh] done in 15ms @ http://localhost:3001/_next/static/chunks/node_modules_next_dist_1e8vcs8._.js:776
[  692216ms] [LOG] [Fast Refresh] done in 15ms @ http://localhost:3001/_next/static/chunks/node_modules_next_dist_1e8vcs8._.js:776
[  692278ms] [LOG] [Fast Refresh] done in 15ms @ http://localhost:3001/_next/static/chunks/node_modules_next_dist_1e8vcs8._.js:776
[  692340ms] [LOG] [Fast Refresh] done in 15ms @ http://localhost:3001/_next/static/chunks/node_modules_next_dist_1e8vcs8._.js:776
[  692401ms] [LOG] [Fast Refresh] done in 15ms @ http://localhost:3001/_next/static/chunks/node_modules_next_dist_1e8vcs8._.js:776
[  692461ms] [LOG] [Fast Refresh] done in 15ms @ http://localhost:3001/_next/static/chunks/node_modules_next_dist_1e8vcs8._.js:776
[  692524ms] [LOG] [Fast Refresh] done in 15ms @ http://localhost:3001/_next/static/chunks/node_modules_next_dist_1e8vcs8._.js:776
[  692584ms] [LOG] [Fast Refresh] done in 15ms @ http://localhost:3001/_next/static/chunks/node_modules_next_dist_1e8vcs8._.js:776
[  692632ms] [LOG] [Fast Refresh] done in 15ms @ http://localhost:3001/_next/static/chunks/node_modules_next_dist_1e8vcs8._.js:776
[  692693ms] [LOG] [Fast Refresh] done in 15ms @ http://localhost:3001/_next/static/chunks/node_modules_next_dist_1e8vcs8._.js:776
[  692754ms] [LOG] [Fast Refresh] done in 15ms @ http://localhost:3001/_next/static/chunks/node_modules_next_dist_1e8vcs8._.js:776
[  692817ms] [LOG] [Fast Refresh] done in 15ms @ http://localhost:3001/_next/static/chunks/node_modules_next_dist_1e8vcs8._.js:776
[  692877ms] [LOG] [Fast Refresh] done in 15ms @ http://localhost:3001/_next/static/chunks/node_modules_next_dist_1e8vcs8._.js:776
[  692924ms] [LOG] [Fast Refresh] done in 15ms @ http://localhost:3001/_next/static/chunks/node_modules_next_dist_1e8vcs8._.js:776
[  692987ms] [LOG] [Fast Refresh] done in 15ms @ http://localhost:3001/_next/static/chunks/node_modules_next_dist_1e8vcs8._.js:776
[  693048ms] [LOG] [Fast Refresh] done in 15ms @ http://localhost:3001/_next/static/chunks/node_modules_next_dist_1e8vcs8._.js:776
[  693109ms] [LOG] [Fast Refresh] done in 15ms @ http://localhost:3001/_next/static/chunks/node_modules_next_dist_1e8vcs8._.js:776
[  693170ms] [LOG] [Fast Refresh] done in 15ms @ http://localhost:3001/_next/static/chunks/node_modules_next_dist_1e8vcs8._.js:776
[  693217ms] [LOG] [Fast Refresh] done in 15ms @ http://localhost:3001/_next/static/chunks/node_modules_next_dist_1e8vcs8._.js:776
[  693264ms] [LOG] [Fast Refresh] done in 15ms @ http://localhost:3001/_next/static/chunks/node_modules_next_dist_1e8vcs8._.js:776
[  693325ms] [LOG] [Fast Refresh] done in 15ms @ http://localhost:3001/_next/static/chunks/node_modules_next_dist_1e8vcs8._.js:776
[  693387ms] [LOG] [Fast Refresh] done in 15ms @ http://localhost:3001/_next/static/chunks/node_modules_next_dist_1e8vcs8._.js:776
[  693447ms] [LOG] [Fast Refresh] done in 15ms @ http://localhost:3001/_next/static/chunks/node_modules_next_dist_1e8vcs8._.js:776
[  693508ms] [LOG] [Fast Refresh] done in 15ms @ http://localhost:3001/_next/static/chunks/node_modules_next_dist_1e8vcs8._.js:776
[  693568ms] [LOG] [Fast Refresh] done in 15ms @ http://localhost:3001/_next/static/chunks/node_modules_next_dist_1e8vcs8._.js:776
[  693630ms] [LOG] [Fast Refresh] done in 15ms @ http://localhost:3001/_next/static/chunks/node_modules_next_dist_1e8vcs8._.js:776
[  693703ms] [LOG] [Fast Refresh] done in 15ms @ http://localhost:3001/_next/static/chunks/node_modules_next_dist_1e8vcs8._.js:776
[  693771ms] [INFO] %cDownload the React DevTools for a better development experience: https://react.dev/link/react-devtools font-weight:bold @ http://localhost:3001/_next/static/chunks/node_modules_next_dist_1e8vcs8._.js:776
[  693784ms] [LOG] [HMR] connected @ http://localhost:3001/_next/static/chunks/node_modules_next_dist_1e8vcs8._.js:776
[  698834ms] [WARNING] Image with src "/project-n8n-section-03.png" was detected as the Largest Contentful Paint (LCP). Please add the `loading="eager"` property if this image is above the fold.
Read more: https://nextjs.org/docs/app/api-reference/components/image#loading @ http://localhost:3001/_next/static/chunks/node_modules_next_dist_1e8vcs8._.js:776
[  700357ms] [INFO] %cDownload the React DevTools for a better development experience: https://react.dev/link/react-devtools font-weight:bold @ http://localhost:3001/_next/static/chunks/node_modules_next_dist_1e8vcs8._.js:776
[  700375ms] [LOG] [HMR] connected @ http://localhost:3001/_next/static/chunks/node_modules_next_dist_1e8vcs8._.js:776
[  704464ms] [WARNING] Image with src "/project-n8n-section-03.png" was detected as the Largest Contentful Paint (LCP). Please add the `loading="eager"` property if this image is above the fold.
Read more: https://nextjs.org/docs/app/api-reference/components/image#loading @ http://localhost:3001/_next/static/chunks/node_modules_next_dist_1e8vcs8._.js:776
[  705806ms] [INFO] %cDownload the React DevTools for a better development experience: https://react.dev/link/react-devtools font-weight:bold @ http://localhost:3001/_next/static/chunks/node_modules_next_dist_1e8vcs8._.js:776
[  705817ms] [LOG] [HMR] connected @ http://localhost:3001/_next/static/chunks/node_modules_next_dist_1e8vcs8._.js:776
[  709890ms] [WARNING] Image with src "/project-n8n-section-03.png" was detected as the Largest Contentful Paint (LCP). Please add the `loading="eager"` property if this image is above the fold.
Read more: https://nextjs.org/docs/app/api-reference/components/image#loading @ http://localhost:3001/_next/static/chunks/node_modules_next_dist_1e8vcs8._.js:776
[  729535ms] [LOG] [Fast Refresh] rebuilding @ http://localhost:3001/_next/static/chunks/node_modules_next_dist_1e8vcs8._.js:776
[  729551ms] [WARNING] Image with src "/project-n8n-section-03.png" is using quality "90" which is not configured in images.qualities [75]. Please update your config to [75, 90].
Read more: https://nextjs.org/docs/messages/next-image-unconfigured-qualities @ http://localhost:3001/_next/static/chunks/node_modules_next_dist_1e8vcs8._.js:776
[  729554ms] [WARNING] Image with src "/project-figma-agent.png" is using quality "90" which is not configured in images.qualities [75]. Please update your config to [75, 90].
Read more: https://nextjs.org/docs/messages/next-image-unconfigured-qualities @ http://localhost:3001/_next/static/chunks/node_modules_next_dist_1e8vcs8._.js:776
[  729652ms] [LOG] [Fast Refresh] done in 15ms @ http://localhost:3001/_next/static/chunks/node_modules_next_dist_1e8vcs8._.js:776
[  729711ms] [LOG] [Fast Refresh] done in 15ms @ http://localhost:3001/_next/static/chunks/node_modules_next_dist_1e8vcs8._.js:776
[  729772ms] [LOG] [Fast Refresh] done in 15ms @ http://localhost:3001/_next/static/chunks/node_modules_next_dist_1e8vcs8._.js:776
[  729832ms] [LOG] [Fast Refresh] done in 15ms @ http://localhost:3001/_next/static/chunks/node_modules_next_dist_1e8vcs8._.js:776
[  729892ms] [LOG] [Fast Refresh] done in 15ms @ http://localhost:3001/_next/static/chunks/node_modules_next_dist_1e8vcs8._.js:776
[  729953ms] [LOG] [Fast Refresh] done in 15ms @ http://localhost:3001/_next/static/chunks/node_modules_next_dist_1e8vcs8._.js:776
[  730015ms] [LOG] [Fast Refresh] done in 15ms @ http://localhost:3001/_next/static/chunks/node_modules_next_dist_1e8vcs8._.js:776
[  730062ms] [LOG] [Fast Refresh] done in 15ms @ http://localhost:3001/_next/static/chunks/node_modules_next_dist_1e8vcs8._.js:776
[  730125ms] [LOG] [Fast Refresh] done in 15ms @ http://localhost:3001/_next/static/chunks/node_modules_next_dist_1e8vcs8._.js:776
[  730172ms] [LOG] [Fast Refresh] done in 15ms @ http://localhost:3001/_next/static/chunks/node_modules_next_dist_1e8vcs8._.js:776
[  730233ms] [LOG] [Fast Refresh] done in 15ms @ http://localhost:3001/_next/static/chunks/node_modules_next_dist_1e8vcs8._.js:776
[  730294ms] [LOG] [Fast Refresh] done in 15ms @ http://localhost:3001/_next/static/chunks/node_modules_next_dist_1e8vcs8._.js:776
[  730355ms] [LOG] [Fast Refresh] done in 15ms @ http://localhost:3001/_next/static/chunks/node_modules_next_dist_1e8vcs8._.js:776
[  730415ms] [LOG] [Fast Refresh] done in 15ms @ http://localhost:3001/_next/static/chunks/node_modules_next_dist_1e8vcs8._.js:776
[  730477ms] [LOG] [Fast Refresh] done in 15ms @ http://localhost:3001/_next/static/chunks/node_modules_next_dist_1e8vcs8._.js:776
[  730538ms] [LOG] [Fast Refresh] done in 15ms @ http://localhost:3001/_next/static/chunks/node_modules_next_dist_1e8vcs8._.js:776
[  730599ms] [LOG] [Fast Refresh] done in 15ms @ http://localhost:3001/_next/static/chunks/node_modules_next_dist_1e8vcs8._.js:776
[  730660ms] [LOG] [Fast Refresh] done in 15ms @ http://localhost:3001/_next/static/chunks/node_modules_next_dist_1e8vcs8._.js:776
[  730722ms] [LOG] [Fast Refresh] done in 15ms @ http://localhost:3001/_next/static/chunks/node_modules_next_dist_1e8vcs8._.js:776
[  730783ms] [LOG] [Fast Refresh] done in 15ms @ http://localhost:3001/_next/static/chunks/node_modules_next_dist_1e8vcs8._.js:776
[  730846ms] [LOG] [Fast Refresh] done in 15ms @ http://localhost:3001/_next/static/chunks/node_modules_next_dist_1e8vcs8._.js:776
[  730892ms] [LOG] [Fast Refresh] done in 15ms @ http://localhost:3001/_next/static/chunks/node_modules_next_dist_1e8vcs8._.js:776
[  730952ms] [LOG] [Fast Refresh] done in 15ms @ http://localhost:3001/_next/static/chunks/node_modules_next_dist_1e8vcs8._.js:776
[  731014ms] [LOG] [Fast Refresh] done in 15ms @ http://localhost:3001/_next/static/chunks/node_modules_next_dist_1e8vcs8._.js:776
[  731076ms] [LOG] [Fast Refresh] done in 15ms @ http://localhost:3001/_next/static/chunks/node_modules_next_dist_1e8vcs8._.js:776
[  731136ms] [LOG] [Fast Refresh] done in 15ms @ http://localhost:3001/_next/static/chunks/node_modules_next_dist_1e8vcs8._.js:776
[  731198ms] [LOG] [Fast Refresh] done in 15ms @ http://localhost:3001/_next/static/chunks/node_modules_next_dist_1e8vcs8._.js:776
[  731260ms] [LOG] [Fast Refresh] done in 15ms @ http://localhost:3001/_next/static/chunks/node_modules_next_dist_1e8vcs8._.js:776
[  731321ms] [LOG] [Fast Refresh] done in 15ms @ http://localhost:3001/_next/static/chunks/node_modules_next_dist_1e8vcs8._.js:776
[  731382ms] [LOG] [Fast Refresh] done in 15ms @ http://localhost:3001/_next/static/chunks/node_modules_next_dist_1e8vcs8._.js:776
[  731442ms] [LOG] [Fast Refresh] done in 15ms @ http://localhost:3001/_next/static/chunks/node_modules_next_dist_1e8vcs8._.js:776
[  731503ms] [LOG] [Fast Refresh] done in 15ms @ http://localhost:3001/_next/static/chunks/node_modules_next_dist_1e8vcs8._.js:776
[  731564ms] [LOG] [Fast Refresh] done in 15ms @ http://localhost:3001/_next/static/chunks/node_modules_next_dist_1e8vcs8._.js:776
[  731625ms] [LOG] [Fast Refresh] done in 15ms @ http://localhost:3001/_next/static/chunks/node_modules_next_dist_1e8vcs8._.js:776
[  731686ms] [LOG] [Fast Refresh] done in 15ms @ http://localhost:3001/_next/static/chunks/node_modules_next_dist_1e8vcs8._.js:776
[  731748ms] [LOG] [Fast Refresh] done in 15ms @ http://localhost:3001/_next/static/chunks/node_modules_next_dist_1e8vcs8._.js:776
[  731809ms] [LOG] [Fast Refresh] done in 15ms @ http://localhost:3001/_next/static/chunks/node_modules_next_dist_1e8vcs8._.js:776
[  731870ms] [LOG] [Fast Refresh] done in 15ms @ http://localhost:3001/_next/static/chunks/node_modules_next_dist_1e8vcs8._.js:776
[  731932ms] [LOG] [Fast Refresh] done in 15ms @ http://localhost:3001/_next/static/chunks/node_modules_next_dist_1e8vcs8._.js:776
[  731993ms] [LOG] [Fast Refresh] done in 15ms @ http://localhost:3001/_next/static/chunks/node_modules_next_dist_1e8vcs8._.js:776
[  732055ms] [LOG] [Fast Refresh] done in 15ms @ http://localhost:3001/_next/static/chunks/node_modules_next_dist_1e8vcs8._.js:776
[  732116ms] [LOG] [Fast Refresh] done in 15ms @ http://localhost:3001/_next/static/chunks/node_modules_next_dist_1e8vcs8._.js:776
[  732178ms] [LOG] [Fast Refresh] done in 15ms @ http://localhost:3001/_next/static/chunks/node_modules_next_dist_1e8vcs8._.js:776
[  732240ms] [LOG] [Fast Refresh] done in 15ms @ http://localhost:3001/_next/static/chunks/node_modules_next_dist_1e8vcs8._.js:776
[  732302ms] [LOG] [Fast Refresh] done in 15ms @ http://localhost:3001/_next/static/chunks/node_modules_next_dist_1e8vcs8._.js:776
[  732349ms] [LOG] [Fast Refresh] done in 15ms @ http://localhost:3001/_next/static/chunks/node_modules_next_dist_1e8vcs8._.js:776
[  732397ms] [LOG] [Fast Refresh] done in 15ms @ http://localhost:3001/_next/static/chunks/node_modules_next_dist_1e8vcs8._.js:776
[  732457ms] [LOG] [Fast Refresh] done in 15ms @ http://localhost:3001/_next/static/chunks/node_modules_next_dist_1e8vcs8._.js:776
[  732518ms] [LOG] [Fast Refresh] done in 15ms @ http://localhost:3001/_next/static/chunks/node_modules_next_dist_1e8vcs8._.js:776
[  732579ms] [LOG] [Fast Refresh] done in 15ms @ http://localhost:3001/_next/static/chunks/node_modules_next_dist_1e8vcs8._.js:776
[  732639ms] [LOG] [Fast Refresh] done in 15ms @ http://localhost:3001/_next/static/chunks/node_modules_next_dist_1e8vcs8._.js:776
[  732702ms] [LOG] [Fast Refresh] done in 15ms @ http://localhost:3001/_next/static/chunks/node_modules_next_dist_1e8vcs8._.js:776
[  732763ms] [LOG] [Fast Refresh] done in 15ms @ http://localhost:3001/_next/static/chunks/node_modules_next_dist_1e8vcs8._.js:776
[  732824ms] [LOG] [Fast Refresh] done in 15ms @ http://localhost:3001/_next/static/chunks/node_modules_next_dist_1e8vcs8._.js:776
[  732886ms] [LOG] [Fast Refresh] done in 15ms @ http://localhost:3001/_next/static/chunks/node_modules_next_dist_1e8vcs8._.js:776
[  732947ms] [LOG] [Fast Refresh] done in 15ms @ http://localhost:3001/_next/static/chunks/node_modules_next_dist_1e8vcs8._.js:776
[  733009ms] [LOG] [Fast Refresh] done in 15ms @ http://localhost:3001/_next/static/chunks/node_modules_next_dist_1e8vcs8._.js:776
[  733057ms] [LOG] [Fast Refresh] done in 15ms @ http://localhost:3001/_next/static/chunks/node_modules_next_dist_1e8vcs8._.js:776
[  733119ms] [LOG] [Fast Refresh] done in 15ms @ http://localhost:3001/_next/static/chunks/node_modules_next_dist_1e8vcs8._.js:776
[  733166ms] [LOG] [Fast Refresh] done in 15ms @ http://localhost:3001/_next/static/chunks/node_modules_next_dist_1e8vcs8._.js:776
[  733227ms] [LOG] [Fast Refresh] done in 15ms @ http://localhost:3001/_next/static/chunks/node_modules_next_dist_1e8vcs8._.js:776
[  733288ms] [LOG] [Fast Refresh] done in 15ms @ http://localhost:3001/_next/static/chunks/node_modules_next_dist_1e8vcs8._.js:776
[  733348ms] [LOG] [Fast Refresh] done in 15ms @ http://localhost:3001/_next/static/chunks/node_modules_next_dist_1e8vcs8._.js:776
[  733410ms] [LOG] [Fast Refresh] done in 15ms @ http://localhost:3001/_next/static/chunks/node_modules_next_dist_1e8vcs8._.js:776
[  733471ms] [LOG] [Fast Refresh] done in 15ms @ http://localhost:3001/_next/static/chunks/node_modules_next_dist_1e8vcs8._.js:776
[  733534ms] [LOG] [Fast Refresh] done in 15ms @ http://localhost:3001/_next/static/chunks/node_modules_next_dist_1e8vcs8._.js:776
[  733595ms] [LOG] [Fast Refresh] done in 15ms @ http://localhost:3001/_next/static/chunks/node_modules_next_dist_1e8vcs8._.js:776
[  733642ms] [LOG] [Fast Refresh] done in 15ms @ http://localhost:3001/_next/static/chunks/node_modules_next_dist_1e8vcs8._.js:776
[  733704ms] [LOG] [Fast Refresh] done in 15ms @ http://localhost:3001/_next/static/chunks/node_modules_next_dist_1e8vcs8._.js:776
[  733751ms] [LOG] [Fast Refresh] done in 15ms @ http://localhost:3001/_next/static/chunks/node_modules_next_dist_1e8vcs8._.js:776
[  733811ms] [LOG] [Fast Refresh] done in 15ms @ http://localhost:3001/_next/static/chunks/node_modules_next_dist_1e8vcs8._.js:776
[  733871ms] [LOG] [Fast Refresh] done in 15ms @ http://localhost:3001/_next/static/chunks/node_modules_next_dist_1e8vcs8._.js:776
[  733934ms] [LOG] [Fast Refresh] done in 15ms @ http://localhost:3001/_next/static/chunks/node_modules_next_dist_1e8vcs8._.js:776
[  733995ms] [LOG] [Fast Refresh] done in 15ms @ http://localhost:3001/_next/static/chunks/node_modules_next_dist_1e8vcs8._.js:776
[  734055ms] [LOG] [Fast Refresh] done in 15ms @ http://localhost:3001/_next/static/chunks/node_modules_next_dist_1e8vcs8._.js:776
[  734116ms] [LOG] [Fast Refresh] done in 15ms @ http://localhost:3001/_next/static/chunks/node_modules_next_dist_1e8vcs8._.js:776
[  734179ms] [LOG] [Fast Refresh] done in 15ms @ http://localhost:3001/_next/static/chunks/node_modules_next_dist_1e8vcs8._.js:776
[  734239ms] [LOG] [Fast Refresh] done in 15ms @ http://localhost:3001/_next/static/chunks/node_modules_next_dist_1e8vcs8._.js:776
[  734300ms] [LOG] [Fast Refresh] done in 15ms @ http://localhost:3001/_next/static/chunks/node_modules_next_dist_1e8vcs8._.js:776
[  734362ms] [LOG] [Fast Refresh] done in 15ms @ http://localhost:3001/_next/static/chunks/node_modules_next_dist_1e8vcs8._.js:776
[  734409ms] [LOG] [Fast Refresh] done in 15ms @ http://localhost:3001/_next/static/chunks/node_modules_next_dist_1e8vcs8._.js:776
[  734470ms] [LOG] [Fast Refresh] done in 15ms @ http://localhost:3001/_next/static/chunks/node_modules_next_dist_1e8vcs8._.js:776
[  734530ms] [LOG] [Fast Refresh] done in 15ms @ http://localhost:3001/_next/static/chunks/node_modules_next_dist_1e8vcs8._.js:776
[  734592ms] [LOG] [Fast Refresh] done in 15ms @ http://localhost:3001/_next/static/chunks/node_modules_next_dist_1e8vcs8._.js:776
[  734653ms] [LOG] [Fast Refresh] done in 15ms @ http://localhost:3001/_next/static/chunks/node_modules_next_dist_1e8vcs8._.js:776
[  734700ms] [LOG] [Fast Refresh] done in 15ms @ http://localhost:3001/_next/static/chunks/node_modules_next_dist_1e8vcs8._.js:776
[  734762ms] [LOG] [Fast Refresh] done in 15ms @ http://localhost:3001/_next/static/chunks/node_modules_next_dist_1e8vcs8._.js:776
[  734822ms] [LOG] [Fast Refresh] done in 15ms @ http://localhost:3001/_next/static/chunks/node_modules_next_dist_1e8vcs8._.js:776
[  734883ms] [LOG] [Fast Refresh] done in 15ms @ http://localhost:3001/_next/static/chunks/node_modules_next_dist_1e8vcs8._.js:776
[  734945ms] [LOG] [Fast Refresh] done in 15ms @ http://localhost:3001/_next/static/chunks/node_modules_next_dist_1e8vcs8._.js:776
[  735006ms] [LOG] [Fast Refresh] done in 15ms @ http://localhost:3001/_next/static/chunks/node_modules_next_dist_1e8vcs8._.js:776
[  735054ms] [LOG] [Fast Refresh] done in 15ms @ http://localhost:3001/_next/static/chunks/node_modules_next_dist_1e8vcs8._.js:776
[  735117ms] [LOG] [Fast Refresh] done in 15ms @ http://localhost:3001/_next/static/chunks/node_modules_next_dist_1e8vcs8._.js:776
[  735178ms] [LOG] [Fast Refresh] done in 15ms @ http://localhost:3001/_next/static/chunks/node_modules_next_dist_1e8vcs8._.js:776
[  735226ms] [LOG] [Fast Refresh] done in 15ms @ http://localhost:3001/_next/static/chunks/node_modules_next_dist_1e8vcs8._.js:776
[  735272ms] [LOG] [Fast Refresh] done in 15ms @ http://localhost:3001/_next/static/chunks/node_modules_next_dist_1e8vcs8._.js:776
[  735320ms] [LOG] [Fast Refresh] done in 15ms @ http://localhost:3001/_next/static/chunks/node_modules_next_dist_1e8vcs8._.js:776
[  735382ms] [LOG] [Fast Refresh] done in 15ms @ http://localhost:3001/_next/static/chunks/node_modules_next_dist_1e8vcs8._.js:776
[  735443ms] [LOG] [Fast Refresh] done in 15ms @ http://localhost:3001/_next/static/chunks/node_modules_next_dist_1e8vcs8._.js:776
[  735504ms] [LOG] [Fast Refresh] done in 15ms @ http://localhost:3001/_next/static/chunks/node_modules_next_dist_1e8vcs8._.js:776
[  735567ms] [LOG] [Fast Refresh] done in 15ms @ http://localhost:3001/_next/static/chunks/node_modules_next_dist_1e8vcs8._.js:776
[  735629ms] [LOG] [Fast Refresh] done in 15ms @ http://localhost:3001/_next/static/chunks/node_modules_next_dist_1e8vcs8._.js:776
[  735692ms] [LOG] [Fast Refresh] done in 15ms @ http://localhost:3001/_next/static/chunks/node_modules_next_dist_1e8vcs8._.js:776
[  735755ms] [LOG] [Fast Refresh] done in 15ms @ http://localhost:3001/_next/static/chunks/node_modules_next_dist_1e8vcs8._.js:776
[  735816ms] [LOG] [Fast Refresh] done in 15ms @ http://localhost:3001/_next/static/chunks/node_modules_next_dist_1e8vcs8._.js:776
[  735863ms] [LOG] [Fast Refresh] done in 15ms @ http://localhost:3001/_next/static/chunks/node_modules_next_dist_1e8vcs8._.js:776
[  735926ms] [LOG] [Fast Refresh] done in 15ms @ http://localhost:3001/_next/static/chunks/node_modules_next_dist_1e8vcs8._.js:776
[  735987ms] [LOG] [Fast Refresh] done in 15ms @ http://localhost:3001/_next/static/chunks/node_modules_next_dist_1e8vcs8._.js:776
[  736048ms] [LOG] [Fast Refresh] done in 15ms @ http://localhost:3001/_next/static/chunks/node_modules_next_dist_1e8vcs8._.js:776
[  736110ms] [LOG] [Fast Refresh] done in 15ms @ http://localhost:3001/_next/static/chunks/node_modules_next_dist_1e8vcs8._.js:776
[  736171ms] [LOG] [Fast Refresh] done in 15ms @ http://localhost:3001/_next/static/chunks/node_modules_next_dist_1e8vcs8._.js:776
[  736232ms] [LOG] [Fast Refresh] done in 15ms @ http://localhost:3001/_next/static/chunks/node_modules_next_dist_1e8vcs8._.js:776
[  736294ms] [LOG] [Fast Refresh] done in 15ms @ http://localhost:3001/_next/static/chunks/node_modules_next_dist_1e8vcs8._.js:776
[  736355ms] [LOG] [Fast Refresh] done in 15ms @ http://localhost:3001/_next/static/chunks/node_modules_next_dist_1e8vcs8._.js:776
[  736418ms] [LOG] [Fast Refresh] done in 15ms @ http://localhost:3001/_next/static/chunks/node_modules_next_dist_1e8vcs8._.js:776
[  736480ms] [LOG] [Fast Refresh] done in 15ms @ http://localhost:3001/_next/static/chunks/node_modules_next_dist_1e8vcs8._.js:776
[  736528ms] [LOG] [Fast Refresh] done in 15ms @ http://localhost:3001/_next/static/chunks/node_modules_next_dist_1e8vcs8._.js:776
[  736588ms] [LOG] [Fast Refresh] done in 15ms @ http://localhost:3001/_next/static/chunks/node_modules_next_dist_1e8vcs8._.js:776
[  736649ms] [LOG] [Fast Refresh] done in 15ms @ http://localhost:3001/_next/static/chunks/node_modules_next_dist_1e8vcs8._.js:776
[  736709ms] [LOG] [Fast Refresh] done in 15ms @ http://localhost:3001/_next/static/chunks/node_modules_next_dist_1e8vcs8._.js:776
[  736771ms] [LOG] [Fast Refresh] done in 15ms @ http://localhost:3001/_next/static/chunks/node_modules_next_dist_1e8vcs8._.js:776
[  736833ms] [LOG] [Fast Refresh] done in 15ms @ http://localhost:3001/_next/static/chunks/node_modules_next_dist_1e8vcs8._.js:776
[  736895ms] [LOG] [Fast Refresh] done in 15ms @ http://localhost:3001/_next/static/chunks/node_modules_next_dist_1e8vcs8._.js:776
[  736958ms] [LOG] [Fast Refresh] done in 15ms @ http://localhost:3001/_next/static/chunks/node_modules_next_dist_1e8vcs8._.js:776
[  737019ms] [LOG] [Fast Refresh] done in 15ms @ http://localhost:3001/_next/static/chunks/node_modules_next_dist_1e8vcs8._.js:776
[  737081ms] [LOG] [Fast Refresh] done in 15ms @ http://localhost:3001/_next/static/chunks/node_modules_next_dist_1e8vcs8._.js:776
[  737143ms] [LOG] [Fast Refresh] done in 15ms @ http://localhost:3001/_next/static/chunks/node_modules_next_dist_1e8vcs8._.js:776
[  737203ms] [LOG] [Fast Refresh] done in 15ms @ http://localhost:3001/_next/static/chunks/node_modules_next_dist_1e8vcs8._.js:776
[  737265ms] [LOG] [Fast Refresh] done in 15ms @ http://localhost:3001/_next/static/chunks/node_modules_next_dist_1e8vcs8._.js:776
[  737326ms] [LOG] [Fast Refresh] done in 15ms @ http://localhost:3001/_next/static/chunks/node_modules_next_dist_1e8vcs8._.js:776
[  737374ms] [LOG] [Fast Refresh] done in 15ms @ http://localhost:3001/_next/static/chunks/node_modules_next_dist_1e8vcs8._.js:776
[  737436ms] [LOG] [Fast Refresh] done in 15ms @ http://localhost:3001/_next/static/chunks/node_modules_next_dist_1e8vcs8._.js:776
[  737497ms] [LOG] [Fast Refresh] done in 15ms @ http://localhost:3001/_next/static/chunks/node_modules_next_dist_1e8vcs8._.js:776
[  737557ms] [LOG] [Fast Refresh] done in 15ms @ http://localhost:3001/_next/static/chunks/node_modules_next_dist_1e8vcs8._.js:776
[  737618ms] [LOG] [Fast Refresh] done in 15ms @ http://localhost:3001/_next/static/chunks/node_modules_next_dist_1e8vcs8._.js:776
[  737680ms] [LOG] [Fast Refresh] done in 15ms @ http://localhost:3001/_next/static/chunks/node_modules_next_dist_1e8vcs8._.js:776
[  737742ms] [LOG] [Fast Refresh] done in 15ms @ http://localhost:3001/_next/static/chunks/node_modules_next_dist_1e8vcs8._.js:776
[  737789ms] [LOG] [Fast Refresh] done in 15ms @ http://localhost:3001/_next/static/chunks/node_modules_next_dist_1e8vcs8._.js:776
[  737850ms] [LOG] [Fast Refresh] done in 15ms @ http://localhost:3001/_next/static/chunks/node_modules_next_dist_1e8vcs8._.js:776
[  737910ms] [LOG] [Fast Refresh] done in 15ms @ http://localhost:3001/_next/static/chunks/node_modules_next_dist_1e8vcs8._.js:776
[  737972ms] [LOG] [Fast Refresh] done in 15ms @ http://localhost:3001/_next/static/chunks/node_modules_next_dist_1e8vcs8._.js:776
[  738033ms] [LOG] [Fast Refresh] done in 15ms @ http://localhost:3001/_next/static/chunks/node_modules_next_dist_1e8vcs8._.js:776
[  738094ms] [LOG] [Fast Refresh] done in 15ms @ http://localhost:3001/_next/static/chunks/node_modules_next_dist_1e8vcs8._.js:776
[  738155ms] [LOG] [Fast Refresh] done in 15ms @ http://localhost:3001/_next/static/chunks/node_modules_next_dist_1e8vcs8._.js:776
[  738217ms] [LOG] [Fast Refresh] done in 15ms @ http://localhost:3001/_next/static/chunks/node_modules_next_dist_1e8vcs8._.js:776
[  738265ms] [LOG] [Fast Refresh] done in 15ms @ http://localhost:3001/_next/static/chunks/node_modules_next_dist_1e8vcs8._.js:776
[  738326ms] [LOG] [Fast Refresh] done in 15ms @ http://localhost:3001/_next/static/chunks/node_modules_next_dist_1e8vcs8._.js:776
[  738387ms] [LOG] [Fast Refresh] done in 15ms @ http://localhost:3001/_next/static/chunks/node_modules_next_dist_1e8vcs8._.js:776
[  738448ms] [LOG] [Fast Refresh] done in 15ms @ http://localhost:3001/_next/static/chunks/node_modules_next_dist_1e8vcs8._.js:776
[  738510ms] [LOG] [Fast Refresh] done in 15ms @ http://localhost:3001/_next/static/chunks/node_modules_next_dist_1e8vcs8._.js:776
[  738572ms] [LOG] [Fast Refresh] done in 15ms @ http://localhost:3001/_next/static/chunks/node_modules_next_dist_1e8vcs8._.js:776
[  738633ms] [LOG] [Fast Refresh] done in 15ms @ http://localhost:3001/_next/static/chunks/node_modules_next_dist_1e8vcs8._.js:776
[  738680ms] [LOG] [Fast Refresh] done in 15ms @ http://localhost:3001/_next/static/chunks/node_modules_next_dist_1e8vcs8._.js:776
[  738741ms] [LOG] [Fast Refresh] done in 15ms @ http://localhost:3001/_next/static/chunks/node_modules_next_dist_1e8vcs8._.js:776
[  738802ms] [LOG] [Fast Refresh] done in 15ms @ http://localhost:3001/_next/static/chunks/node_modules_next_dist_1e8vcs8._.js:776
[  738862ms] [LOG] [Fast Refresh] done in 15ms @ http://localhost:3001/_next/static/chunks/node_modules_next_dist_1e8vcs8._.js:776
[  738923ms] [LOG] [Fast Refresh] done in 15ms @ http://localhost:3001/_next/static/chunks/node_modules_next_dist_1e8vcs8._.js:776
[  738983ms] [LOG] [Fast Refresh] done in 15ms @ http://localhost:3001/_next/static/chunks/node_modules_next_dist_1e8vcs8._.js:776
[  739044ms] [LOG] [Fast Refresh] done in 15ms @ http://localhost:3001/_next/static/chunks/node_modules_next_dist_1e8vcs8._.js:776
[  739105ms] [LOG] [Fast Refresh] done in 15ms @ http://localhost:3001/_next/static/chunks/node_modules_next_dist_1e8vcs8._.js:776
[  739165ms] [LOG] [Fast Refresh] done in 15ms @ http://localhost:3001/_next/static/chunks/node_modules_next_dist_1e8vcs8._.js:776
[  739226ms] [LOG] [Fast Refresh] done in 15ms @ http://localhost:3001/_next/static/chunks/node_modules_next_dist_1e8vcs8._.js:776
[  739274ms] [LOG] [Fast Refresh] done in 15ms @ http://localhost:3001/_next/static/chunks/node_modules_next_dist_1e8vcs8._.js:776
[  739335ms] [LOG] [Fast Refresh] done in 15ms @ http://localhost:3001/_next/static/chunks/node_modules_next_dist_1e8vcs8._.js:776
[  739396ms] [LOG] [Fast Refresh] done in 15ms @ http://localhost:3001/_next/static/chunks/node_modules_next_dist_1e8vcs8._.js:776
[  739442ms] [LOG] [Fast Refresh] done in 15ms @ http://localhost:3001/_next/static/chunks/node_modules_next_dist_1e8vcs8._.js:776
[  739502ms] [LOG] [Fast Refresh] done in 15ms @ http://localhost:3001/_next/static/chunks/node_modules_next_dist_1e8vcs8._.js:776
[  739563ms] [LOG] [Fast Refresh] done in 15ms @ http://localhost:3001/_next/static/chunks/node_modules_next_dist_1e8vcs8._.js:776
[  739624ms] [LOG] [Fast Refresh] done in 15ms @ http://localhost:3001/_next/static/chunks/node_modules_next_dist_1e8vcs8._.js:776
[  739685ms] [LOG] [Fast Refresh] done in 15ms @ http://localhost:3001/_next/static/chunks/node_modules_next_dist_1e8vcs8._.js:776
[  739748ms] [LOG] [Fast Refresh] done in 15ms @ http://localhost:3001/_next/static/chunks/node_modules_next_dist_1e8vcs8._.js:776
[  739809ms] [LOG] [Fast Refresh] done in 15ms @ http://localhost:3001/_next/static/chunks/node_modules_next_dist_1e8vcs8._.js:776
[  739857ms] [LOG] [Fast Refresh] done in 15ms @ http://localhost:3001/_next/static/chunks/node_modules_next_dist_1e8vcs8._.js:776
[  739919ms] [LOG] [Fast Refresh] done in 15ms @ http://localhost:3001/_next/static/chunks/node_modules_next_dist_1e8vcs8._.js:776
[  739980ms] [LOG] [Fast Refresh] done in 15ms @ http://localhost:3001/_next/static/chunks/node_modules_next_dist_1e8vcs8._.js:776
[  740040ms] [LOG] [Fast Refresh] done in 15ms @ http://localhost:3001/_next/static/chunks/node_modules_next_dist_1e8vcs8._.js:776
[  740102ms] [LOG] [Fast Refresh] done in 15ms @ http://localhost:3001/_next/static/chunks/node_modules_next_dist_1e8vcs8._.js:776
[  740148ms] [LOG] [Fast Refresh] done in 15ms @ http://localhost:3001/_next/static/chunks/node_modules_next_dist_1e8vcs8._.js:776
[  740209ms] [LOG] [Fast Refresh] done in 15ms @ http://localhost:3001/_next/static/chunks/node_modules_next_dist_1e8vcs8._.js:776
[  740269ms] [LOG] [Fast Refresh] done in 15ms @ http://localhost:3001/_next/static/chunks/node_modules_next_dist_1e8vcs8._.js:776
[  740332ms] [LOG] [Fast Refresh] done in 15ms @ http://localhost:3001/_next/static/chunks/node_modules_next_dist_1e8vcs8._.js:776
[  740394ms] [LOG] [Fast Refresh] done in 15ms @ http://localhost:3001/_next/static/chunks/node_modules_next_dist_1e8vcs8._.js:776
[  740441ms] [LOG] [Fast Refresh] done in 15ms @ http://localhost:3001/_next/static/chunks/node_modules_next_dist_1e8vcs8._.js:776
[  740502ms] [LOG] [Fast Refresh] done in 15ms @ http://localhost:3001/_next/static/chunks/node_modules_next_dist_1e8vcs8._.js:776
[  740564ms] [LOG] [Fast Refresh] done in 15ms @ http://localhost:3001/_next/static/chunks/node_modules_next_dist_1e8vcs8._.js:776
[  740627ms] [LOG] [Fast Refresh] done in 15ms @ http://localhost:3001/_next/static/chunks/node_modules_next_dist_1e8vcs8._.js:776
[  740673ms] [LOG] [Fast Refresh] done in 15ms @ http://localhost:3001/_next/static/chunks/node_modules_next_dist_1e8vcs8._.js:776
[  740720ms] [LOG] [Fast Refresh] done in 15ms @ http://localhost:3001/_next/static/chunks/node_modules_next_dist_1e8vcs8._.js:776
[  740781ms] [LOG] [Fast Refresh] done in 15ms @ http://localhost:3001/_next/static/chunks/node_modules_next_dist_1e8vcs8._.js:776
[  740843ms] [LOG] [Fast Refresh] done in 15ms @ http://localhost:3001/_next/static/chunks/node_modules_next_dist_1e8vcs8._.js:776
[  740890ms] [LOG] [Fast Refresh] done in 15ms @ http://localhost:3001/_next/static/chunks/node_modules_next_dist_1e8vcs8._.js:776
[  740952ms] [LOG] [Fast Refresh] done in 15ms @ http://localhost:3001/_next/static/chunks/node_modules_next_dist_1e8vcs8._.js:776
[  741014ms] [LOG] [Fast Refresh] done in 15ms @ http://localhost:3001/_next/static/chunks/node_modules_next_dist_1e8vcs8._.js:776
[  741075ms] [LOG] [Fast Refresh] done in 15ms @ http://localhost:3001/_next/static/chunks/node_modules_next_dist_1e8vcs8._.js:776
[  741137ms] [LOG] [Fast Refresh] done in 15ms @ http://localhost:3001/_next/static/chunks/node_modules_next_dist_1e8vcs8._.js:776
[  741197ms] [LOG] [Fast Refresh] done in 15ms @ http://localhost:3001/_next/static/chunks/node_modules_next_dist_1e8vcs8._.js:776
[  741260ms] [LOG] [Fast Refresh] done in 15ms @ http://localhost:3001/_next/static/chunks/node_modules_next_dist_1e8vcs8._.js:776
[  741321ms] [LOG] [Fast Refresh] done in 15ms @ http://localhost:3001/_next/static/chunks/node_modules_next_dist_1e8vcs8._.js:776
[  741382ms] [LOG] [Fast Refresh] done in 15ms @ http://localhost:3001/_next/static/chunks/node_modules_next_dist_1e8vcs8._.js:776
[  741443ms] [LOG] [Fast Refresh] done in 15ms @ http://localhost:3001/_next/static/chunks/node_modules_next_dist_1e8vcs8._.js:776
[  741490ms] [LOG] [Fast Refresh] done in 15ms @ http://localhost:3001/_next/static/chunks/node_modules_next_dist_1e8vcs8._.js:776
[  741537ms] [LOG] [Fast Refresh] done in 15ms @ http://localhost:3001/_next/static/chunks/node_modules_next_dist_1e8vcs8._.js:776
[  741599ms] [LOG] [Fast Refresh] done in 15ms @ http://localhost:3001/_next/static/chunks/node_modules_next_dist_1e8vcs8._.js:776
[  741647ms] [LOG] [Fast Refresh] done in 15ms @ http://localhost:3001/_next/static/chunks/node_modules_next_dist_1e8vcs8._.js:776
[  741710ms] [LOG] [Fast Refresh] done in 15ms @ http://localhost:3001/_next/static/chunks/node_modules_next_dist_1e8vcs8._.js:776
[  741772ms] [LOG] [Fast Refresh] done in 15ms @ http://localhost:3001/_next/static/chunks/node_modules_next_dist_1e8vcs8._.js:776
[  741834ms] [LOG] [Fast Refresh] done in 15ms @ http://localhost:3001/_next/static/chunks/node_modules_next_dist_1e8vcs8._.js:776
[  741895ms] [LOG] [Fast Refresh] done in 15ms @ http://localhost:3001/_next/static/chunks/node_modules_next_dist_1e8vcs8._.js:776
[  741955ms] [LOG] [Fast Refresh] done in 15ms @ http://localhost:3001/_next/static/chunks/node_modules_next_dist_1e8vcs8._.js:776
[  742018ms] [LOG] [Fast Refresh] done in 15ms @ http://localhost:3001/_next/static/chunks/node_modules_next_dist_1e8vcs8._.js:776
[  742079ms] [LOG] [Fast Refresh] done in 15ms @ http://localhost:3001/_next/static/chunks/node_modules_next_dist_1e8vcs8._.js:776
[  742127ms] [LOG] [Fast Refresh] done in 15ms @ http://localhost:3001/_next/static/chunks/node_modules_next_dist_1e8vcs8._.js:776
[  742188ms] [LOG] [Fast Refresh] done in 15ms @ http://localhost:3001/_next/static/chunks/node_modules_next_dist_1e8vcs8._.js:776
[  742249ms] [LOG] [Fast Refresh] done in 15ms @ http://localhost:3001/_next/static/chunks/node_modules_next_dist_1e8vcs8._.js:776
[  742310ms] [LOG] [Fast Refresh] done in 15ms @ http://localhost:3001/_next/static/chunks/node_modules_next_dist_1e8vcs8._.js:776
[  742371ms] [LOG] [Fast Refresh] done in 15ms @ http://localhost:3001/_next/static/chunks/node_modules_next_dist_1e8vcs8._.js:776
[  742433ms] [LOG] [Fast Refresh] done in 15ms @ http://localhost:3001/_next/static/chunks/node_modules_next_dist_1e8vcs8._.js:776
[  742494ms] [LOG] [Fast Refresh] done in 15ms @ http://localhost:3001/_next/static/chunks/node_modules_next_dist_1e8vcs8._.js:776
[  742554ms] [LOG] [Fast Refresh] done in 15ms @ http://localhost:3001/_next/static/chunks/node_modules_next_dist_1e8vcs8._.js:776
[  742615ms] [LOG] [Fast Refresh] done in 15ms @ http://localhost:3001/_next/static/chunks/node_modules_next_dist_1e8vcs8._.js:776
[  742676ms] [LOG] [Fast Refresh] done in 15ms @ http://localhost:3001/_next/static/chunks/node_modules_next_dist_1e8vcs8._.js:776
[  742722ms] [LOG] [Fast Refresh] done in 15ms @ http://localhost:3001/_next/static/chunks/node_modules_next_dist_1e8vcs8._.js:776
[  742768ms] [LOG] [Fast Refresh] done in 15ms @ http://localhost:3001/_next/static/chunks/node_modules_next_dist_1e8vcs8._.js:776
[  742830ms] [LOG] [Fast Refresh] done in 15ms @ http://localhost:3001/_next/static/chunks/node_modules_next_dist_1e8vcs8._.js:776
[  742890ms] [LOG] [Fast Refresh] done in 15ms @ http://localhost:3001/_next/static/chunks/node_modules_next_dist_1e8vcs8._.js:776
[  742951ms] [LOG] [Fast Refresh] done in 15ms @ http://localhost:3001/_next/static/chunks/node_modules_next_dist_1e8vcs8._.js:776
[  743012ms] [LOG] [Fast Refresh] done in 15ms @ http://localhost:3001/_next/static/chunks/node_modules_next_dist_1e8vcs8._.js:776
[  743074ms] [LOG] [Fast Refresh] done in 15ms @ http://localhost:3001/_next/static/chunks/node_modules_next_dist_1e8vcs8._.js:776
[  743136ms] [LOG] [Fast Refresh] done in 15ms @ http://localhost:3001/_next/static/chunks/node_modules_next_dist_1e8vcs8._.js:776
[  743198ms] [LOG] [Fast Refresh] done in 15ms @ http://localhost:3001/_next/static/chunks/node_modules_next_dist_1e8vcs8._.js:776
[  743259ms] [LOG] [Fast Refresh] done in 15ms @ http://localhost:3001/_next/static/chunks/node_modules_next_dist_1e8vcs8._.js:776
[  743322ms] [LOG] [Fast Refresh] done in 15ms @ http://localhost:3001/_next/static/chunks/node_modules_next_dist_1e8vcs8._.js:776
[  743384ms] [LOG] [Fast Refresh] done in 15ms @ http://localhost:3001/_next/static/chunks/node_modules_next_dist_1e8vcs8._.js:776
[  743448ms] [LOG] [Fast Refresh] done in 15ms @ http://localhost:3001/_next/static/chunks/node_modules_next_dist_1e8vcs8._.js:776
[  743494ms] [LOG] [Fast Refresh] done in 15ms @ http://localhost:3001/_next/static/chunks/node_modules_next_dist_1e8vcs8._.js:776
[  743555ms] [LOG] [Fast Refresh] done in 15ms @ http://localhost:3001/_next/static/chunks/node_modules_next_dist_1e8vcs8._.js:776
[  743602ms] [LOG] [Fast Refresh] done in 15ms @ http://localhost:3001/_next/static/chunks/node_modules_next_dist_1e8vcs8._.js:776
[  743664ms] [LOG] [Fast Refresh] done in 15ms @ http://localhost:3001/_next/static/chunks/node_modules_next_dist_1e8vcs8._.js:776
[  743725ms] [LOG] [Fast Refresh] done in 15ms @ http://localhost:3001/_next/static/chunks/node_modules_next_dist_1e8vcs8._.js:776
[  743786ms] [LOG] [Fast Refresh] done in 15ms @ http://localhost:3001/_next/static/chunks/node_modules_next_dist_1e8vcs8._.js:776
[  743848ms] [LOG] [Fast Refresh] done in 15ms @ http://localhost:3001/_next/static/chunks/node_modules_next_dist_1e8vcs8._.js:776
[  743910ms] [LOG] [Fast Refresh] done in 15ms @ http://localhost:3001/_next/static/chunks/node_modules_next_dist_1e8vcs8._.js:776
[  743971ms] [LOG] [Fast Refresh] done in 15ms @ http://localhost:3001/_next/static/chunks/node_modules_next_dist_1e8vcs8._.js:776
[  744032ms] [LOG] [Fast Refresh] done in 15ms @ http://localhost:3001/_next/static/chunks/node_modules_next_dist_1e8vcs8._.js:776
[  744078ms] [LOG] [Fast Refresh] done in 15ms @ http://localhost:3001/_next/static/chunks/node_modules_next_dist_1e8vcs8._.js:776
[  744140ms] [LOG] [Fast Refresh] done in 15ms @ http://localhost:3001/_next/static/chunks/node_modules_next_dist_1e8vcs8._.js:776
[  744201ms] [LOG] [Fast Refresh] done in 15ms @ http://localhost:3001/_next/static/chunks/node_modules_next_dist_1e8vcs8._.js:776
[  744263ms] [LOG] [Fast Refresh] done in 15ms @ http://localhost:3001/_next/static/chunks/node_modules_next_dist_1e8vcs8._.js:776
[  744325ms] [LOG] [Fast Refresh] done in 15ms @ http://localhost:3001/_next/static/chunks/node_modules_next_dist_1e8vcs8._.js:776
[  744387ms] [LOG] [Fast Refresh] done in 15ms @ http://localhost:3001/_next/static/chunks/node_modules_next_dist_1e8vcs8._.js:776
[  744448ms] [LOG] [Fast Refresh] done in 15ms @ http://localhost:3001/_next/static/chunks/node_modules_next_dist_1e8vcs8._.js:776
[  744510ms] [LOG] [Fast Refresh] done in 15ms @ http://localhost:3001/_next/static/chunks/node_modules_next_dist_1e8vcs8._.js:776
[  744572ms] [LOG] [Fast Refresh] done in 15ms @ http://localhost:3001/_next/static/chunks/node_modules_next_dist_1e8vcs8._.js:776
[  744633ms] [LOG] [Fast Refresh] done in 15ms @ http://localhost:3001/_next/static/chunks/node_modules_next_dist_1e8vcs8._.js:776
[  745697ms] [ERROR] WebSocket connection to 'ws://localhost:3001/_next/hmr?id=G1nbNVeA6P6-Wy6vHy0XJ' failed: Error in connection establishment: net::ERR_CONNECTION_REFUSED @ http://localhost:3001/_next/static/chunks/node_modules_next_dist_client_0_90u2t._.js:16348
[  746707ms] [ERROR] WebSocket connection to 'ws://localhost:3001/_next/hmr?id=G1nbNVeA6P6-Wy6vHy0XJ' failed: Error in connection establishment: net::ERR_CONNECTION_REFUSED @ http://localhost:3001/_next/static/chunks/node_modules_next_dist_client_0_90u2t._.js:16348
[  747733ms] [ERROR] WebSocket connection to 'ws://localhost:3001/_next/hmr?id=G1nbNVeA6P6-Wy6vHy0XJ' failed: Error in connection establishment: net::ERR_CONNECTION_REFUSED @ http://localhost:3001/_next/static/chunks/node_modules_next_dist_client_0_90u2t._.js:16348
[  753312ms] [LOG] [HMR] connected @ http://localhost:3001/_next/static/chunks/node_modules_next_dist_1e8vcs8._.js:776
[  754717ms] [INFO] %cDownload the React DevTools for a better development experience: https://react.dev/link/react-devtools font-weight:bold @ http://localhost:3001/_next/static/chunks/node_modules_next_dist_1e8vcs8._.js:776
[  754734ms] [LOG] [HMR] connected @ http://localhost:3001/_next/static/chunks/node_modules_next_dist_1e8vcs8._.js:776
[  764860ms] [INFO] %cDownload the React DevTools for a better development experience: https://react.dev/link/react-devtools font-weight:bold @ http://localhost:3001/_next/static/chunks/node_modules_next_dist_1e8vcs8._.js:776
[  764874ms] [LOG] [HMR] connected @ http://localhost:3001/_next/static/chunks/node_modules_next_dist_1e8vcs8._.js:776
[  769945ms] [WARNING] Image with src "/project-figma-agent.png" was detected as the Largest Contentful Paint (LCP). Please add the `loading="eager"` property if this image is above the fold.
Read more: https://nextjs.org/docs/app/api-reference/components/image#loading @ http://localhost:3001/_next/static/chunks/node_modules_next_dist_1e8vcs8._.js:776
[  836802ms] [LOG] [Fast Refresh] rebuilding @ http://localhost:3001/_next/static/chunks/node_modules_next_dist_1e8vcs8._.js:776
[  836868ms] [LOG] [Fast Refresh] done in 12ms @ http://localhost:3001/_next/static/chunks/node_modules_next_dist_1e8vcs8._.js:776
[  836909ms] [LOG] [Fast Refresh] done in 12ms @ http://localhost:3001/_next/static/chunks/node_modules_next_dist_1e8vcs8._.js:776
[  836971ms] [LOG] [Fast Refresh] done in 12ms @ http://localhost:3001/_next/static/chunks/node_modules_next_dist_1e8vcs8._.js:776
[  837032ms] [LOG] [Fast Refresh] done in 12ms @ http://localhost:3001/_next/static/chunks/node_modules_next_dist_1e8vcs8._.js:776
[  837092ms] [LOG] [Fast Refresh] done in 12ms @ http://localhost:3001/_next/static/chunks/node_modules_next_dist_1e8vcs8._.js:776
[  837154ms] [LOG] [Fast Refresh] done in 12ms @ http://localhost:3001/_next/static/chunks/node_modules_next_dist_1e8vcs8._.js:776
[  837215ms] [LOG] [Fast Refresh] done in 12ms @ http://localhost:3001/_next/static/chunks/node_modules_next_dist_1e8vcs8._.js:776
[  837277ms] [LOG] [Fast Refresh] done in 12ms @ http://localhost:3001/_next/static/chunks/node_modules_next_dist_1e8vcs8._.js:776
[  837339ms] [LOG] [Fast Refresh] done in 12ms @ http://localhost:3001/_next/static/chunks/node_modules_next_dist_1e8vcs8._.js:776
[  837401ms] [LOG] [Fast Refresh] done in 12ms @ http://localhost:3001/_next/static/chunks/node_modules_next_dist_1e8vcs8._.js:776
[  837461ms] [LOG] [Fast Refresh] done in 12ms @ http://localhost:3001/_next/static/chunks/node_modules_next_dist_1e8vcs8._.js:776
[  837523ms] [LOG] [Fast Refresh] done in 12ms @ http://localhost:3001/_next/static/chunks/node_modules_next_dist_1e8vcs8._.js:776
[  837587ms] [LOG] [Fast Refresh] done in 12ms @ http://localhost:3001/_next/static/chunks/node_modules_next_dist_1e8vcs8._.js:776
[  837634ms] [LOG] [Fast Refresh] done in 12ms @ http://localhost:3001/_next/static/chunks/node_modules_next_dist_1e8vcs8._.js:776
[  837694ms] [LOG] [Fast Refresh] done in 12ms @ http://localhost:3001/_next/static/chunks/node_modules_next_dist_1e8vcs8._.js:776
[  837771ms] [LOG] [Fast Refresh] done in 12ms @ http://localhost:3001/_next/static/chunks/node_modules_next_dist_1e8vcs8._.js:776
[  837818ms] [LOG] [Fast Refresh] done in 12ms @ http://localhost:3001/_next/static/chunks/node_modules_next_dist_1e8vcs8._.js:776
[  837865ms] [LOG] [Fast Refresh] done in 12ms @ http://localhost:3001/_next/static/chunks/node_modules_next_dist_1e8vcs8._.js:776
[  837926ms] [LOG] [Fast Refresh] done in 12ms @ http://localhost:3001/_next/static/chunks/node_modules_next_dist_1e8vcs8._.js:776
[  837986ms] [LOG] [Fast Refresh] done in 12ms @ http://localhost:3001/_next/static/chunks/node_modules_next_dist_1e8vcs8._.js:776
[  838046ms] [LOG] [Fast Refresh] done in 12ms @ http://localhost:3001/_next/static/chunks/node_modules_next_dist_1e8vcs8._.js:776
[  838106ms] [LOG] [Fast Refresh] done in 12ms @ http://localhost:3001/_next/static/chunks/node_modules_next_dist_1e8vcs8._.js:776
[  838188ms] [LOG] [Fast Refresh] done in 12ms @ http://localhost:3001/_next/static/chunks/node_modules_next_dist_1e8vcs8._.js:776
[  838245ms] [LOG] [Fast Refresh] done in 12ms @ http://localhost:3001/_next/static/chunks/node_modules_next_dist_1e8vcs8._.js:776
[  838307ms] [LOG] [Fast Refresh] done in 12ms @ http://localhost:3001/_next/static/chunks/node_modules_next_dist_1e8vcs8._.js:776
[  838368ms] [LOG] [Fast Refresh] done in 12ms @ http://localhost:3001/_next/static/chunks/node_modules_next_dist_1e8vcs8._.js:776
[  838430ms] [LOG] [Fast Refresh] done in 12ms @ http://localhost:3001/_next/static/chunks/node_modules_next_dist_1e8vcs8._.js:776
[  838492ms] [LOG] [Fast Refresh] done in 12ms @ http://localhost:3001/_next/static/chunks/node_modules_next_dist_1e8vcs8._.js:776
[  838553ms] [LOG] [Fast Refresh] done in 12ms @ http://localhost:3001/_next/static/chunks/node_modules_next_dist_1e8vcs8._.js:776
[  838613ms] [LOG] [Fast Refresh] done in 12ms @ http://localhost:3001/_next/static/chunks/node_modules_next_dist_1e8vcs8._.js:776
[  838674ms] [LOG] [Fast Refresh] done in 12ms @ http://localhost:3001/_next/static/chunks/node_modules_next_dist_1e8vcs8._.js:776
[  838735ms] [LOG] [Fast Refresh] done in 12ms @ http://localhost:3001/_next/static/chunks/node_modules_next_dist_1e8vcs8._.js:776
[  838798ms] [LOG] [Fast Refresh] done in 12ms @ http://localhost:3001/_next/static/chunks/node_modules_next_dist_1e8vcs8._.js:776
[  838846ms] [LOG] [Fast Refresh] done in 12ms @ http://localhost:3001/_next/static/chunks/node_modules_next_dist_1e8vcs8._.js:776
[  838908ms] [LOG] [Fast Refresh] done in 12ms @ http://localhost:3001/_next/static/chunks/node_modules_next_dist_1e8vcs8._.js:776
[  838969ms] [LOG] [Fast Refresh] done in 12ms @ http://localhost:3001/_next/static/chunks/node_modules_next_dist_1e8vcs8._.js:776
[  839031ms] [LOG] [Fast Refresh] done in 12ms @ http://localhost:3001/_next/static/chunks/node_modules_next_dist_1e8vcs8._.js:776
[  839092ms] [LOG] [Fast Refresh] done in 12ms @ http://localhost:3001/_next/static/chunks/node_modules_next_dist_1e8vcs8._.js:776
[  839154ms] [LOG] [Fast Refresh] done in 12ms @ http://localhost:3001/_next/static/chunks/node_modules_next_dist_1e8vcs8._.js:776
[  839217ms] [LOG] [Fast Refresh] done in 12ms @ http://localhost:3001/_next/static/chunks/node_modules_next_dist_1e8vcs8._.js:776
[  839277ms] [LOG] [Fast Refresh] done in 12ms @ http://localhost:3001/_next/static/chunks/node_modules_next_dist_1e8vcs8._.js:776
[  839338ms] [LOG] [Fast Refresh] done in 12ms @ http://localhost:3001/_next/static/chunks/node_modules_next_dist_1e8vcs8._.js:776
[  839399ms] [LOG] [Fast Refresh] done in 12ms @ http://localhost:3001/_next/static/chunks/node_modules_next_dist_1e8vcs8._.js:776
[  839460ms] [LOG] [Fast Refresh] done in 12ms @ http://localhost:3001/_next/static/chunks/node_modules_next_dist_1e8vcs8._.js:776
[  839522ms] [LOG] [Fast Refresh] done in 12ms @ http://localhost:3001/_next/static/chunks/node_modules_next_dist_1e8vcs8._.js:776
[  839583ms] [LOG] [Fast Refresh] done in 12ms @ http://localhost:3001/_next/static/chunks/node_modules_next_dist_1e8vcs8._.js:776
[  839644ms] [LOG] [Fast Refresh] done in 12ms @ http://localhost:3001/_next/static/chunks/node_modules_next_dist_1e8vcs8._.js:776
[  839690ms] [LOG] [Fast Refresh] done in 12ms @ http://localhost:3001/_next/static/chunks/node_modules_next_dist_1e8vcs8._.js:776
[  839751ms] [LOG] [Fast Refresh] done in 12ms @ http://localhost:3001/_next/static/chunks/node_modules_next_dist_1e8vcs8._.js:776
[  839812ms] [LOG] [Fast Refresh] done in 12ms @ http://localhost:3001/_next/static/chunks/node_modules_next_dist_1e8vcs8._.js:776
[  839875ms] [LOG] [Fast Refresh] done in 12ms @ http://localhost:3001/_next/static/chunks/node_modules_next_dist_1e8vcs8._.js:776
[  839935ms] [LOG] [Fast Refresh] done in 12ms @ http://localhost:3001/_next/static/chunks/node_modules_next_dist_1e8vcs8._.js:776
[  839997ms] [LOG] [Fast Refresh] done in 12ms @ http://localhost:3001/_next/static/chunks/node_modules_next_dist_1e8vcs8._.js:776
[  840058ms] [LOG] [Fast Refresh] done in 12ms @ http://localhost:3001/_next/static/chunks/node_modules_next_dist_1e8vcs8._.js:776
[  840104ms] [LOG] [Fast Refresh] done in 12ms @ http://localhost:3001/_next/static/chunks/node_modules_next_dist_1e8vcs8._.js:776
[  840165ms] [LOG] [Fast Refresh] done in 12ms @ http://localhost:3001/_next/static/chunks/node_modules_next_dist_1e8vcs8._.js:776
[  840227ms] [LOG] [Fast Refresh] done in 12ms @ http://localhost:3001/_next/static/chunks/node_modules_next_dist_1e8vcs8._.js:776
[  840289ms] [LOG] [Fast Refresh] done in 12ms @ http://localhost:3001/_next/static/chunks/node_modules_next_dist_1e8vcs8._.js:776
[  840349ms] [LOG] [Fast Refresh] done in 12ms @ http://localhost:3001/_next/static/chunks/node_modules_next_dist_1e8vcs8._.js:776
[  840411ms] [LOG] [Fast Refresh] done in 12ms @ http://localhost:3001/_next/static/chunks/node_modules_next_dist_1e8vcs8._.js:776
[  840457ms] [LOG] [Fast Refresh] done in 12ms @ http://localhost:3001/_next/static/chunks/node_modules_next_dist_1e8vcs8._.js:776
[  840518ms] [LOG] [Fast Refresh] done in 12ms @ http://localhost:3001/_next/static/chunks/node_modules_next_dist_1e8vcs8._.js:776
[  840579ms] [LOG] [Fast Refresh] done in 12ms @ http://localhost:3001/_next/static/chunks/node_modules_next_dist_1e8vcs8._.js:776
[  840641ms] [LOG] [Fast Refresh] done in 12ms @ http://localhost:3001/_next/static/chunks/node_modules_next_dist_1e8vcs8._.js:776
[  840702ms] [LOG] [Fast Refresh] done in 12ms @ http://localhost:3001/_next/static/chunks/node_modules_next_dist_1e8vcs8._.js:776
[  840762ms] [LOG] [Fast Refresh] done in 12ms @ http://localhost:3001/_next/static/chunks/node_modules_next_dist_1e8vcs8._.js:776
[  840824ms] [LOG] [Fast Refresh] done in 12ms @ http://localhost:3001/_next/static/chunks/node_modules_next_dist_1e8vcs8._.js:776
[  840886ms] [LOG] [Fast Refresh] done in 12ms @ http://localhost:3001/_next/static/chunks/node_modules_next_dist_1e8vcs8._.js:776
[  840946ms] [LOG] [Fast Refresh] done in 12ms @ http://localhost:3001/_next/static/chunks/node_modules_next_dist_1e8vcs8._.js:776
[  841007ms] [LOG] [Fast Refresh] done in 12ms @ http://localhost:3001/_next/static/chunks/node_modules_next_dist_1e8vcs8._.js:776
[  841054ms] [LOG] [Fast Refresh] done in 12ms @ http://localhost:3001/_next/static/chunks/node_modules_next_dist_1e8vcs8._.js:776
[  841116ms] [LOG] [Fast Refresh] done in 12ms @ http://localhost:3001/_next/static/chunks/node_modules_next_dist_1e8vcs8._.js:776
[  841176ms] [LOG] [Fast Refresh] done in 12ms @ http://localhost:3001/_next/static/chunks/node_modules_next_dist_1e8vcs8._.js:776
[  841237ms] [LOG] [Fast Refresh] done in 12ms @ http://localhost:3001/_next/static/chunks/node_modules_next_dist_1e8vcs8._.js:776
[  841297ms] [LOG] [Fast Refresh] done in 12ms @ http://localhost:3001/_next/static/chunks/node_modules_next_dist_1e8vcs8._.js:776
[  841359ms] [LOG] [Fast Refresh] done in 12ms @ http://localhost:3001/_next/static/chunks/node_modules_next_dist_1e8vcs8._.js:776
[  841420ms] [LOG] [Fast Refresh] done in 12ms @ http://localhost:3001/_next/static/chunks/node_modules_next_dist_1e8vcs8._.js:776
[  841481ms] [LOG] [Fast Refresh] done in 12ms @ http://localhost:3001/_next/static/chunks/node_modules_next_dist_1e8vcs8._.js:776
[  841543ms] [LOG] [Fast Refresh] done in 12ms @ http://localhost:3001/_next/static/chunks/node_modules_next_dist_1e8vcs8._.js:776
[  841604ms] [LOG] [Fast Refresh] done in 12ms @ http://localhost:3001/_next/static/chunks/node_modules_next_dist_1e8vcs8._.js:776
[  841666ms] [LOG] [Fast Refresh] done in 12ms @ http://localhost:3001/_next/static/chunks/node_modules_next_dist_1e8vcs8._.js:776
[  841728ms] [LOG] [Fast Refresh] done in 12ms @ http://localhost:3001/_next/static/chunks/node_modules_next_dist_1e8vcs8._.js:776
[  841790ms] [LOG] [Fast Refresh] done in 12ms @ http://localhost:3001/_next/static/chunks/node_modules_next_dist_1e8vcs8._.js:776
[  841837ms] [LOG] [Fast Refresh] done in 12ms @ http://localhost:3001/_next/static/chunks/node_modules_next_dist_1e8vcs8._.js:776
[  841897ms] [LOG] [Fast Refresh] done in 12ms @ http://localhost:3001/_next/static/chunks/node_modules_next_dist_1e8vcs8._.js:776
[  841957ms] [LOG] [Fast Refresh] done in 12ms @ http://localhost:3001/_next/static/chunks/node_modules_next_dist_1e8vcs8._.js:776
[  842020ms] [LOG] [Fast Refresh] done in 12ms @ http://localhost:3001/_next/static/chunks/node_modules_next_dist_1e8vcs8._.js:776
[  842082ms] [LOG] [Fast Refresh] done in 12ms @ http://localhost:3001/_next/static/chunks/node_modules_next_dist_1e8vcs8._.js:776
[  842143ms] [LOG] [Fast Refresh] done in 12ms @ http://localhost:3001/_next/static/chunks/node_modules_next_dist_1e8vcs8._.js:776
[  842203ms] [LOG] [Fast Refresh] done in 12ms @ http://localhost:3001/_next/static/chunks/node_modules_next_dist_1e8vcs8._.js:776
[  842251ms] [LOG] [Fast Refresh] done in 12ms @ http://localhost:3001/_next/static/chunks/node_modules_next_dist_1e8vcs8._.js:776
[  842313ms] [LOG] [Fast Refresh] done in 12ms @ http://localhost:3001/_next/static/chunks/node_modules_next_dist_1e8vcs8._.js:776
[  842375ms] [LOG] [Fast Refresh] done in 12ms @ http://localhost:3001/_next/static/chunks/node_modules_next_dist_1e8vcs8._.js:776
[  842423ms] [LOG] [Fast Refresh] done in 12ms @ http://localhost:3001/_next/static/chunks/node_modules_next_dist_1e8vcs8._.js:776
[  842483ms] [LOG] [Fast Refresh] done in 12ms @ http://localhost:3001/_next/static/chunks/node_modules_next_dist_1e8vcs8._.js:776
[  842545ms] [LOG] [Fast Refresh] done in 12ms @ http://localhost:3001/_next/static/chunks/node_modules_next_dist_1e8vcs8._.js:776
[  842606ms] [LOG] [Fast Refresh] done in 12ms @ http://localhost:3001/_next/static/chunks/node_modules_next_dist_1e8vcs8._.js:776
[  842667ms] [LOG] [Fast Refresh] done in 12ms @ http://localhost:3001/_next/static/chunks/node_modules_next_dist_1e8vcs8._.js:776
[  842729ms] [LOG] [Fast Refresh] done in 12ms @ http://localhost:3001/_next/static/chunks/node_modules_next_dist_1e8vcs8._.js:776
[  842775ms] [LOG] [Fast Refresh] done in 12ms @ http://localhost:3001/_next/static/chunks/node_modules_next_dist_1e8vcs8._.js:776
[  842839ms] [LOG] [Fast Refresh] done in 12ms @ http://localhost:3001/_next/static/chunks/node_modules_next_dist_1e8vcs8._.js:776
[  842899ms] [LOG] [Fast Refresh] done in 12ms @ http://localhost:3001/_next/static/chunks/node_modules_next_dist_1e8vcs8._.js:776
[  842959ms] [LOG] [Fast Refresh] done in 12ms @ http://localhost:3001/_next/static/chunks/node_modules_next_dist_1e8vcs8._.js:776
[  843021ms] [LOG] [Fast Refresh] done in 12ms @ http://localhost:3001/_next/static/chunks/node_modules_next_dist_1e8vcs8._.js:776
[  843082ms] [LOG] [Fast Refresh] done in 12ms @ http://localhost:3001/_next/static/chunks/node_modules_next_dist_1e8vcs8._.js:776
[  843143ms] [LOG] [Fast Refresh] done in 12ms @ http://localhost:3001/_next/static/chunks/node_modules_next_dist_1e8vcs8._.js:776
[  843209ms] [LOG] [Fast Refresh] done in 12ms @ http://localhost:3001/_next/static/chunks/node_modules_next_dist_1e8vcs8._.js:776
[  843267ms] [LOG] [Fast Refresh] done in 12ms @ http://localhost:3001/_next/static/chunks/node_modules_next_dist_1e8vcs8._.js:776
[  843314ms] [LOG] [Fast Refresh] done in 12ms @ http://localhost:3001/_next/static/chunks/node_modules_next_dist_1e8vcs8._.js:776
[  843362ms] [LOG] [Fast Refresh] done in 12ms @ http://localhost:3001/_next/static/chunks/node_modules_next_dist_1e8vcs8._.js:776
[  843424ms] [LOG] [Fast Refresh] done in 12ms @ http://localhost:3001/_next/static/chunks/node_modules_next_dist_1e8vcs8._.js:776
[  843486ms] [LOG] [Fast Refresh] done in 12ms @ http://localhost:3001/_next/static/chunks/node_modules_next_dist_1e8vcs8._.js:776
[  843548ms] [LOG] [Fast Refresh] done in 12ms @ http://localhost:3001/_next/static/chunks/node_modules_next_dist_1e8vcs8._.js:776
[  843608ms] [LOG] [Fast Refresh] done in 12ms @ http://localhost:3001/_next/static/chunks/node_modules_next_dist_1e8vcs8._.js:776
[  843669ms] [LOG] [Fast Refresh] done in 12ms @ http://localhost:3001/_next/static/chunks/node_modules_next_dist_1e8vcs8._.js:776
[  843730ms] [LOG] [Fast Refresh] done in 12ms @ http://localhost:3001/_next/static/chunks/node_modules_next_dist_1e8vcs8._.js:776
[  843777ms] [LOG] [Fast Refresh] done in 12ms @ http://localhost:3001/_next/static/chunks/node_modules_next_dist_1e8vcs8._.js:776
[  843838ms] [LOG] [Fast Refresh] done in 12ms @ http://localhost:3001/_next/static/chunks/node_modules_next_dist_1e8vcs8._.js:776
[  843900ms] [LOG] [Fast Refresh] done in 12ms @ http://localhost:3001/_next/static/chunks/node_modules_next_dist_1e8vcs8._.js:776
[  843961ms] [LOG] [Fast Refresh] done in 12ms @ http://localhost:3001/_next/static/chunks/node_modules_next_dist_1e8vcs8._.js:776
[  844023ms] [LOG] [Fast Refresh] done in 12ms @ http://localhost:3001/_next/static/chunks/node_modules_next_dist_1e8vcs8._.js:776
[  844084ms] [LOG] [Fast Refresh] done in 12ms @ http://localhost:3001/_next/static/chunks/node_modules_next_dist_1e8vcs8._.js:776
[  844145ms] [LOG] [Fast Refresh] done in 12ms @ http://localhost:3001/_next/static/chunks/node_modules_next_dist_1e8vcs8._.js:776
[  844192ms] [LOG] [Fast Refresh] done in 12ms @ http://localhost:3001/_next/static/chunks/node_modules_next_dist_1e8vcs8._.js:776
[  844253ms] [LOG] [Fast Refresh] done in 12ms @ http://localhost:3001/_next/static/chunks/node_modules_next_dist_1e8vcs8._.js:776
[  844313ms] [LOG] [Fast Refresh] done in 12ms @ http://localhost:3001/_next/static/chunks/node_modules_next_dist_1e8vcs8._.js:776
[  844374ms] [LOG] [Fast Refresh] done in 12ms @ http://localhost:3001/_next/static/chunks/node_modules_next_dist_1e8vcs8._.js:776
[  844434ms] [LOG] [Fast Refresh] done in 12ms @ http://localhost:3001/_next/static/chunks/node_modules_next_dist_1e8vcs8._.js:776
[  844496ms] [LOG] [Fast Refresh] done in 12ms @ http://localhost:3001/_next/static/chunks/node_modules_next_dist_1e8vcs8._.js:776
[  844558ms] [LOG] [Fast Refresh] done in 12ms @ http://localhost:3001/_next/static/chunks/node_modules_next_dist_1e8vcs8._.js:776
[  844605ms] [LOG] [Fast Refresh] done in 12ms @ http://localhost:3001/_next/static/chunks/node_modules_next_dist_1e8vcs8._.js:776
[  844667ms] [LOG] [Fast Refresh] done in 12ms @ http://localhost:3001/_next/static/chunks/node_modules_next_dist_1e8vcs8._.js:776
[  844728ms] [LOG] [Fast Refresh] done in 12ms @ http://localhost:3001/_next/static/chunks/node_modules_next_dist_1e8vcs8._.js:776
[  844788ms] [LOG] [Fast Refresh] done in 12ms @ http://localhost:3001/_next/static/chunks/node_modules_next_dist_1e8vcs8._.js:776
[  844835ms] [LOG] [Fast Refresh] done in 12ms @ http://localhost:3001/_next/static/chunks/node_modules_next_dist_1e8vcs8._.js:776
[  844896ms] [LOG] [Fast Refresh] done in 12ms @ http://localhost:3001/_next/static/chunks/node_modules_next_dist_1e8vcs8._.js:776
[  844957ms] [LOG] [Fast Refresh] done in 12ms @ http://localhost:3001/_next/static/chunks/node_modules_next_dist_1e8vcs8._.js:776
[  845019ms] [LOG] [Fast Refresh] done in 12ms @ http://localhost:3001/_next/static/chunks/node_modules_next_dist_1e8vcs8._.js:776
[  845080ms] [LOG] [Fast Refresh] done in 12ms @ http://localhost:3001/_next/static/chunks/node_modules_next_dist_1e8vcs8._.js:776
[  845140ms] [LOG] [Fast Refresh] done in 12ms @ http://localhost:3001/_next/static/chunks/node_modules_next_dist_1e8vcs8._.js:776
[  845202ms] [LOG] [Fast Refresh] done in 12ms @ http://localhost:3001/_next/static/chunks/node_modules_next_dist_1e8vcs8._.js:776
[  845265ms] [LOG] [Fast Refresh] done in 12ms @ http://localhost:3001/_next/static/chunks/node_modules_next_dist_1e8vcs8._.js:776
[  845326ms] [LOG] [Fast Refresh] done in 12ms @ http://localhost:3001/_next/static/chunks/node_modules_next_dist_1e8vcs8._.js:776
[  845388ms] [LOG] [Fast Refresh] done in 12ms @ http://localhost:3001/_next/static/chunks/node_modules_next_dist_1e8vcs8._.js:776
[  845450ms] [LOG] [Fast Refresh] done in 12ms @ http://localhost:3001/_next/static/chunks/node_modules_next_dist_1e8vcs8._.js:776
[  845512ms] [LOG] [Fast Refresh] done in 12ms @ http://localhost:3001/_next/static/chunks/node_modules_next_dist_1e8vcs8._.js:776
[  845574ms] [LOG] [Fast Refresh] done in 12ms @ http://localhost:3001/_next/static/chunks/node_modules_next_dist_1e8vcs8._.js:776
[  845635ms] [LOG] [Fast Refresh] done in 12ms @ http://localhost:3001/_next/static/chunks/node_modules_next_dist_1e8vcs8._.js:776
[  845682ms] [LOG] [Fast Refresh] done in 12ms @ http://localhost:3001/_next/static/chunks/node_modules_next_dist_1e8vcs8._.js:776
[  845744ms] [LOG] [Fast Refresh] done in 12ms @ http://localhost:3001/_next/static/chunks/node_modules_next_dist_1e8vcs8._.js:776
[  845805ms] [LOG] [Fast Refresh] done in 12ms @ http://localhost:3001/_next/static/chunks/node_modules_next_dist_1e8vcs8._.js:776
[  845867ms] [LOG] [Fast Refresh] done in 12ms @ http://localhost:3001/_next/static/chunks/node_modules_next_dist_1e8vcs8._.js:776
[  845928ms] [LOG] [Fast Refresh] done in 12ms @ http://localhost:3001/_next/static/chunks/node_modules_next_dist_1e8vcs8._.js:776
[  845990ms] [LOG] [Fast Refresh] done in 12ms @ http://localhost:3001/_next/static/chunks/node_modules_next_dist_1e8vcs8._.js:776
[  846051ms] [LOG] [Fast Refresh] done in 12ms @ http://localhost:3001/_next/static/chunks/node_modules_next_dist_1e8vcs8._.js:776
[  846112ms] [LOG] [Fast Refresh] done in 12ms @ http://localhost:3001/_next/static/chunks/node_modules_next_dist_1e8vcs8._.js:776
[  846175ms] [LOG] [Fast Refresh] done in 12ms @ http://localhost:3001/_next/static/chunks/node_modules_next_dist_1e8vcs8._.js:776
[  846236ms] [LOG] [Fast Refresh] done in 12ms @ http://localhost:3001/_next/static/chunks/node_modules_next_dist_1e8vcs8._.js:776
[  846297ms] [LOG] [Fast Refresh] done in 12ms @ http://localhost:3001/_next/static/chunks/node_modules_next_dist_1e8vcs8._.js:776
[  846344ms] [LOG] [Fast Refresh] done in 12ms @ http://localhost:3001/_next/static/chunks/node_modules_next_dist_1e8vcs8._.js:776
[  846404ms] [LOG] [Fast Refresh] done in 12ms @ http://localhost:3001/_next/static/chunks/node_modules_next_dist_1e8vcs8._.js:776
[  846466ms] [LOG] [Fast Refresh] done in 12ms @ http://localhost:3001/_next/static/chunks/node_modules_next_dist_1e8vcs8._.js:776
[  846527ms] [LOG] [Fast Refresh] done in 12ms @ http://localhost:3001/_next/static/chunks/node_modules_next_dist_1e8vcs8._.js:776
[  846588ms] [LOG] [Fast Refresh] done in 12ms @ http://localhost:3001/_next/static/chunks/node_modules_next_dist_1e8vcs8._.js:776
[  846650ms] [LOG] [Fast Refresh] done in 12ms @ http://localhost:3001/_next/static/chunks/node_modules_next_dist_1e8vcs8._.js:776
[  846711ms] [LOG] [Fast Refresh] done in 12ms @ http://localhost:3001/_next/static/chunks/node_modules_next_dist_1e8vcs8._.js:776
[  846774ms] [LOG] [Fast Refresh] done in 12ms @ http://localhost:3001/_next/static/chunks/node_modules_next_dist_1e8vcs8._.js:776
[  846835ms] [LOG] [Fast Refresh] done in 12ms @ http://localhost:3001/_next/static/chunks/node_modules_next_dist_1e8vcs8._.js:776
[  846897ms] [LOG] [Fast Refresh] done in 12ms @ http://localhost:3001/_next/static/chunks/node_modules_next_dist_1e8vcs8._.js:776
[  846944ms] [LOG] [Fast Refresh] done in 12ms @ http://localhost:3001/_next/static/chunks/node_modules_next_dist_1e8vcs8._.js:776
[  847004ms] [LOG] [Fast Refresh] done in 12ms @ http://localhost:3001/_next/static/chunks/node_modules_next_dist_1e8vcs8._.js:776
[  847064ms] [LOG] [Fast Refresh] done in 12ms @ http://localhost:3001/_next/static/chunks/node_modules_next_dist_1e8vcs8._.js:776
[  847112ms] [LOG] [Fast Refresh] done in 12ms @ http://localhost:3001/_next/static/chunks/node_modules_next_dist_1e8vcs8._.js:776
[  847173ms] [LOG] [Fast Refresh] done in 12ms @ http://localhost:3001/_next/static/chunks/node_modules_next_dist_1e8vcs8._.js:776
[  847234ms] [LOG] [Fast Refresh] done in 12ms @ http://localhost:3001/_next/static/chunks/node_modules_next_dist_1e8vcs8._.js:776
[  847281ms] [LOG] [Fast Refresh] done in 12ms @ http://localhost:3001/_next/static/chunks/node_modules_next_dist_1e8vcs8._.js:776
[  847343ms] [LOG] [Fast Refresh] done in 12ms @ http://localhost:3001/_next/static/chunks/node_modules_next_dist_1e8vcs8._.js:776
[  847404ms] [LOG] [Fast Refresh] done in 12ms @ http://localhost:3001/_next/static/chunks/node_modules_next_dist_1e8vcs8._.js:776
[  847465ms] [LOG] [Fast Refresh] done in 12ms @ http://localhost:3001/_next/static/chunks/node_modules_next_dist_1e8vcs8._.js:776
[  847527ms] [LOG] [Fast Refresh] done in 12ms @ http://localhost:3001/_next/static/chunks/node_modules_next_dist_1e8vcs8._.js:776
[  847588ms] [LOG] [Fast Refresh] done in 12ms @ http://localhost:3001/_next/static/chunks/node_modules_next_dist_1e8vcs8._.js:776
[  847649ms] [LOG] [Fast Refresh] done in 12ms @ http://localhost:3001/_next/static/chunks/node_modules_next_dist_1e8vcs8._.js:776
[  847710ms] [LOG] [Fast Refresh] done in 12ms @ http://localhost:3001/_next/static/chunks/node_modules_next_dist_1e8vcs8._.js:776
[  847772ms] [LOG] [Fast Refresh] done in 12ms @ http://localhost:3001/_next/static/chunks/node_modules_next_dist_1e8vcs8._.js:776
[  847835ms] [LOG] [Fast Refresh] done in 12ms @ http://localhost:3001/_next/static/chunks/node_modules_next_dist_1e8vcs8._.js:776
[  847896ms] [LOG] [Fast Refresh] done in 12ms @ http://localhost:3001/_next/static/chunks/node_modules_next_dist_1e8vcs8._.js:776
[  847959ms] [LOG] [Fast Refresh] done in 12ms @ http://localhost:3001/_next/static/chunks/node_modules_next_dist_1e8vcs8._.js:776
[  848019ms] [LOG] [Fast Refresh] done in 12ms @ http://localhost:3001/_next/static/chunks/node_modules_next_dist_1e8vcs8._.js:776
[  848065ms] [LOG] [Fast Refresh] done in 12ms @ http://localhost:3001/_next/static/chunks/node_modules_next_dist_1e8vcs8._.js:776
[  848127ms] [LOG] [Fast Refresh] done in 12ms @ http://localhost:3001/_next/static/chunks/node_modules_next_dist_1e8vcs8._.js:776
[  848188ms] [LOG] [Fast Refresh] done in 12ms @ http://localhost:3001/_next/static/chunks/node_modules_next_dist_1e8vcs8._.js:776
[  848248ms] [LOG] [Fast Refresh] done in 12ms @ http://localhost:3001/_next/static/chunks/node_modules_next_dist_1e8vcs8._.js:776
[  848296ms] [LOG] [Fast Refresh] done in 12ms @ http://localhost:3001/_next/static/chunks/node_modules_next_dist_1e8vcs8._.js:776
[  848359ms] [LOG] [Fast Refresh] done in 12ms @ http://localhost:3001/_next/static/chunks/node_modules_next_dist_1e8vcs8._.js:776
[  848421ms] [LOG] [Fast Refresh] done in 12ms @ http://localhost:3001/_next/static/chunks/node_modules_next_dist_1e8vcs8._.js:776
[  848482ms] [LOG] [Fast Refresh] done in 12ms @ http://localhost:3001/_next/static/chunks/node_modules_next_dist_1e8vcs8._.js:776
[  848544ms] [LOG] [Fast Refresh] done in 12ms @ http://localhost:3001/_next/static/chunks/node_modules_next_dist_1e8vcs8._.js:776
[  848605ms] [LOG] [Fast Refresh] done in 12ms @ http://localhost:3001/_next/static/chunks/node_modules_next_dist_1e8vcs8._.js:776
[  848665ms] [LOG] [Fast Refresh] done in 12ms @ http://localhost:3001/_next/static/chunks/node_modules_next_dist_1e8vcs8._.js:776
[  848712ms] [LOG] [Fast Refresh] done in 12ms @ http://localhost:3001/_next/static/chunks/node_modules_next_dist_1e8vcs8._.js:776
[  848774ms] [LOG] [Fast Refresh] done in 12ms @ http://localhost:3001/_next/static/chunks/node_modules_next_dist_1e8vcs8._.js:776
[  848836ms] [LOG] [Fast Refresh] done in 12ms @ http://localhost:3001/_next/static/chunks/node_modules_next_dist_1e8vcs8._.js:776
[  848896ms] [LOG] [Fast Refresh] done in 12ms @ http://localhost:3001/_next/static/chunks/node_modules_next_dist_1e8vcs8._.js:776
[  848956ms] [LOG] [Fast Refresh] done in 12ms @ http://localhost:3001/_next/static/chunks/node_modules_next_dist_1e8vcs8._.js:776
[  849016ms] [LOG] [Fast Refresh] done in 12ms @ http://localhost:3001/_next/static/chunks/node_modules_next_dist_1e8vcs8._.js:776
[  849063ms] [LOG] [Fast Refresh] done in 12ms @ http://localhost:3001/_next/static/chunks/node_modules_next_dist_1e8vcs8._.js:776
[  849125ms] [LOG] [Fast Refresh] done in 12ms @ http://localhost:3001/_next/static/chunks/node_modules_next_dist_1e8vcs8._.js:776
[  849188ms] [LOG] [Fast Refresh] done in 12ms @ http://localhost:3001/_next/static/chunks/node_modules_next_dist_1e8vcs8._.js:776
[  849250ms] [LOG] [Fast Refresh] done in 12ms @ http://localhost:3001/_next/static/chunks/node_modules_next_dist_1e8vcs8._.js:776
[  849312ms] [LOG] [Fast Refresh] done in 12ms @ http://localhost:3001/_next/static/chunks/node_modules_next_dist_1e8vcs8._.js:776
[  849373ms] [LOG] [Fast Refresh] done in 12ms @ http://localhost:3001/_next/static/chunks/node_modules_next_dist_1e8vcs8._.js:776
[  849435ms] [LOG] [Fast Refresh] done in 12ms @ http://localhost:3001/_next/static/chunks/node_modules_next_dist_1e8vcs8._.js:776
[  849496ms] [LOG] [Fast Refresh] done in 12ms @ http://localhost:3001/_next/static/chunks/node_modules_next_dist_1e8vcs8._.js:776
[  849557ms] [LOG] [Fast Refresh] done in 12ms @ http://localhost:3001/_next/static/chunks/node_modules_next_dist_1e8vcs8._.js:776
[  849618ms] [LOG] [Fast Refresh] done in 12ms @ http://localhost:3001/_next/static/chunks/node_modules_next_dist_1e8vcs8._.js:776
[  849664ms] [LOG] [Fast Refresh] done in 12ms @ http://localhost:3001/_next/static/chunks/node_modules_next_dist_1e8vcs8._.js:776
[  849725ms] [LOG] [Fast Refresh] done in 12ms @ http://localhost:3001/_next/static/chunks/node_modules_next_dist_1e8vcs8._.js:776
[  849787ms] [LOG] [Fast Refresh] done in 12ms @ http://localhost:3001/_next/static/chunks/node_modules_next_dist_1e8vcs8._.js:776
[  849848ms] [LOG] [Fast Refresh] done in 12ms @ http://localhost:3001/_next/static/chunks/node_modules_next_dist_1e8vcs8._.js:776
[  849909ms] [LOG] [Fast Refresh] done in 12ms @ http://localhost:3001/_next/static/chunks/node_modules_next_dist_1e8vcs8._.js:776
[  849970ms] [LOG] [Fast Refresh] done in 12ms @ http://localhost:3001/_next/static/chunks/node_modules_next_dist_1e8vcs8._.js:776
[  850017ms] [LOG] [Fast Refresh] done in 12ms @ http://localhost:3001/_next/static/chunks/node_modules_next_dist_1e8vcs8._.js:776
[  850078ms] [LOG] [Fast Refresh] done in 12ms @ http://localhost:3001/_next/static/chunks/node_modules_next_dist_1e8vcs8._.js:776
[  850140ms] [LOG] [Fast Refresh] done in 12ms @ http://localhost:3001/_next/static/chunks/node_modules_next_dist_1e8vcs8._.js:776
[  850187ms] [LOG] [Fast Refresh] done in 12ms @ http://localhost:3001/_next/static/chunks/node_modules_next_dist_1e8vcs8._.js:776
[  850248ms] [LOG] [Fast Refresh] done in 12ms @ http://localhost:3001/_next/static/chunks/node_modules_next_dist_1e8vcs8._.js:776
[  850310ms] [LOG] [Fast Refresh] done in 12ms @ http://localhost:3001/_next/static/chunks/node_modules_next_dist_1e8vcs8._.js:776
[  850371ms] [LOG] [Fast Refresh] done in 12ms @ http://localhost:3001/_next/static/chunks/node_modules_next_dist_1e8vcs8._.js:776
[  850417ms] [LOG] [Fast Refresh] done in 12ms @ http://localhost:3001/_next/static/chunks/node_modules_next_dist_1e8vcs8._.js:776
[  850477ms] [LOG] [Fast Refresh] done in 12ms @ http://localhost:3001/_next/static/chunks/node_modules_next_dist_1e8vcs8._.js:776
[  850538ms] [LOG] [Fast Refresh] done in 12ms @ http://localhost:3001/_next/static/chunks/node_modules_next_dist_1e8vcs8._.js:776
[  850600ms] [LOG] [Fast Refresh] done in 12ms @ http://localhost:3001/_next/static/chunks/node_modules_next_dist_1e8vcs8._.js:776
[  850663ms] [LOG] [Fast Refresh] done in 12ms @ http://localhost:3001/_next/static/chunks/node_modules_next_dist_1e8vcs8._.js:776
[  850724ms] [LOG] [Fast Refresh] done in 12ms @ http://localhost:3001/_next/static/chunks/node_modules_next_dist_1e8vcs8._.js:776
[  850786ms] [LOG] [Fast Refresh] done in 12ms @ http://localhost:3001/_next/static/chunks/node_modules_next_dist_1e8vcs8._.js:776
[  850848ms] [LOG] [Fast Refresh] done in 12ms @ http://localhost:3001/_next/static/chunks/node_modules_next_dist_1e8vcs8._.js:776
[  850897ms] [LOG] [Fast Refresh] done in 12ms @ http://localhost:3001/_next/static/chunks/node_modules_next_dist_1e8vcs8._.js:776
[  850958ms] [LOG] [Fast Refresh] done in 12ms @ http://localhost:3001/_next/static/chunks/node_modules_next_dist_1e8vcs8._.js:776
[  851020ms] [LOG] [Fast Refresh] done in 12ms @ http://localhost:3001/_next/static/chunks/node_modules_next_dist_1e8vcs8._.js:776
[  851080ms] [LOG] [Fast Refresh] done in 12ms @ http://localhost:3001/_next/static/chunks/node_modules_next_dist_1e8vcs8._.js:776
[  851141ms] [LOG] [Fast Refresh] done in 12ms @ http://localhost:3001/_next/static/chunks/node_modules_next_dist_1e8vcs8._.js:776
[  851203ms] [LOG] [Fast Refresh] done in 12ms @ http://localhost:3001/_next/static/chunks/node_modules_next_dist_1e8vcs8._.js:776
[  851293ms] [LOG] [Fast Refresh] done in 12ms @ http://localhost:3001/_next/static/chunks/node_modules_next_dist_1e8vcs8._.js:776
[  851352ms] [INFO] %cDownload the React DevTools for a better development experience: https://react.dev/link/react-devtools font-weight:bold @ http://localhost:3001/_next/static/chunks/node_modules_next_dist_1e8vcs8._.js:776
[  851368ms] [LOG] [HMR] connected @ http://localhost:3001/_next/static/chunks/node_modules_next_dist_1e8vcs8._.js:776
[  855437ms] [WARNING] Image with src "/project-figma-agent.png" was detected as the Largest Contentful Paint (LCP). Please add the `loading="eager"` property if this image is above the fold.
Read more: https://nextjs.org/docs/app/api-reference/components/image#loading @ http://localhost:3001/_next/static/chunks/node_modules_next_dist_1e8vcs8._.js:776
[  859374ms] [INFO] %cDownload the React DevTools for a better development experience: https://react.dev/link/react-devtools font-weight:bold @ http://localhost:3001/_next/static/chunks/node_modules_next_dist_1e8vcs8._.js:776
[  859386ms] [LOG] [HMR] connected @ http://localhost:3001/_next/static/chunks/node_modules_next_dist_1e8vcs8._.js:776
[  864477ms] [WARNING] Image with src "/project-figma-agent.png" was detected as the Largest Contentful Paint (LCP). Please add the `loading="eager"` property if this image is above the fold.
Read more: https://nextjs.org/docs/app/api-reference/components/image#loading @ http://localhost:3001/_next/static/chunks/node_modules_next_dist_1e8vcs8._.js:776
[  868563ms] [INFO] %cDownload the React DevTools for a better development experience: https://react.dev/link/react-devtools font-weight:bold @ http://localhost:3001/_next/static/chunks/node_modules_next_dist_1e8vcs8._.js:776
[  868581ms] [LOG] [HMR] connected @ http://localhost:3001/_next/static/chunks/node_modules_next_dist_1e8vcs8._.js:776
[  871657ms] [WARNING] Image with src "/project-figma-agent.png" was detected as the Largest Contentful Paint (LCP). Please add the `loading="eager"` property if this image is above the fold.
Read more: https://nextjs.org/docs/app/api-reference/components/image#loading @ http://localhost:3001/_next/static/chunks/node_modules_next_dist_1e8vcs8._.js:776
[  875918ms] [INFO] %cDownload the React DevTools for a better development experience: https://react.dev/link/react-devtools font-weight:bold @ http://localhost:3001/_next/static/chunks/node_modules_next_dist_1e8vcs8._.js:776
[  875931ms] [LOG] [HMR] connected @ http://localhost:3001/_next/static/chunks/node_modules_next_dist_1e8vcs8._.js:776
[  880017ms] [WARNING] Image with src "/project-figma-agent.png" was detected as the Largest Contentful Paint (LCP). Please add the `loading="eager"` property if this image is above the fold.
Read more: https://nextjs.org/docs/app/api-reference/components/image#loading @ http://localhost:3001/_next/static/chunks/node_modules_next_dist_1e8vcs8._.js:776
[  905765ms] [INFO] %cDownload the React DevTools for a better development experience: https://react.dev/link/react-devtools font-weight:bold @ http://localhost:3001/_next/static/chunks/node_modules_next_dist_1e8vcs8._.js:776
[  905780ms] [LOG] [HMR] connected @ http://localhost:3001/_next/static/chunks/node_modules_next_dist_1e8vcs8._.js:776
[  909848ms] [WARNING] Image with src "/project-figma-agent.png" was detected as the Largest Contentful Paint (LCP). Please add the `loading="eager"` property if this image is above the fold.
Read more: https://nextjs.org/docs/app/api-reference/components/image#loading @ http://localhost:3001/_next/static/chunks/node_modules_next_dist_1e8vcs8._.js:776
[  934962ms] [INFO] %cDownload the React DevTools for a better development experience: https://react.dev/link/react-devtools font-weight:bold @ http://localhost:3001/_next/static/chunks/node_modules_next_dist_1e8vcs8._.js:776
[  934979ms] [LOG] [HMR] connected @ http://localhost:3001/_next/static/chunks/node_modules_next_dist_1e8vcs8._.js:776
[  938059ms] [WARNING] Image with src "/project-figma-agent.png" was detected as the Largest Contentful Paint (LCP). Please add the `loading="eager"` property if this image is above the fold.
Read more: https://nextjs.org/docs/app/api-reference/components/image#loading @ http://localhost:3001/_next/static/chunks/node_modules_next_dist_1e8vcs8._.js:776
[  950672ms] [INFO] %cDownload the React DevTools for a better development experience: https://react.dev/link/react-devtools font-weight:bold @ http://localhost:3001/_next/static/chunks/node_modules_next_dist_1e8vcs8._.js:776
[  950685ms] [LOG] [HMR] connected @ http://localhost:3001/_next/static/chunks/node_modules_next_dist_1e8vcs8._.js:776
[  953130ms] [WARNING] Image with src "/project-n8n-section-03.png" was detected as the Largest Contentful Paint (LCP). Please add the `loading="eager"` property if this image is above the fold.
Read more: https://nextjs.org/docs/app/api-reference/components/image#loading @ http://localhost:3001/_next/static/chunks/node_modules_next_dist_1e8vcs8._.js:776
[ 1053691ms] [ERROR] WebSocket connection to 'ws://localhost:3001/_next/hmr?id=nZuv-VWrG6k80xd4F_alX' failed: Error in connection establishment: net::ERR_CONNECTION_REFUSED @ http://localhost:3001/_next/static/chunks/node_modules_next_dist_client_0_90u2t._.js:16348
[ 1054695ms] [ERROR] WebSocket connection to 'ws://localhost:3001/_next/hmr?id=nZuv-VWrG6k80xd4F_alX' failed: Error in connection establishment: net::ERR_CONNECTION_REFUSED @ http://localhost:3001/_next/static/chunks/node_modules_next_dist_client_0_90u2t._.js:16348
[ 1055710ms] [ERROR] WebSocket connection to 'ws://localhost:3001/_next/hmr?id=nZuv-VWrG6k80xd4F_alX' failed: Error in connection establishment: net::ERR_CONNECTION_REFUSED @ http://localhost:3001/_next/static/chunks/node_modules_next_dist_client_0_90u2t._.js:16348
[ 1056728ms] [ERROR] WebSocket connection to 'ws://localhost:3001/_next/hmr?id=nZuv-VWrG6k80xd4F_alX' failed: Error in connection establishment: net::ERR_CONNECTION_REFUSED @ http://localhost:3001/_next/static/chunks/node_modules_next_dist_client_0_90u2t._.js:16348
[ 1057743ms] [ERROR] WebSocket connection to 'ws://localhost:3001/_next/hmr?id=nZuv-VWrG6k80xd4F_alX' failed: Error in connection establishment: net::ERR_CONNECTION_REFUSED @ http://localhost:3001/_next/static/chunks/node_modules_next_dist_client_0_90u2t._.js:16348
[ 1062753ms] [ERROR] WebSocket connection to 'ws://localhost:3001/_next/hmr?id=nZuv-VWrG6k80xd4F_alX' failed: Error in connection establishment: net::ERR_CONNECTION_REFUSED @ http://localhost:3001/_next/static/chunks/node_modules_next_dist_client_0_90u2t._.js:16348
[ 1067761ms] [ERROR] WebSocket connection to 'ws://localhost:3001/_next/hmr?id=nZuv-VWrG6k80xd4F_alX' failed: Error in connection establishment: net::ERR_CONNECTION_REFUSED @ http://localhost:3001/_next/static/chunks/node_modules_next_dist_client_0_90u2t._.js:16348
[ 1072774ms] [ERROR] WebSocket connection to 'ws://localhost:3001/_next/hmr?id=nZuv-VWrG6k80xd4F_alX' failed: Error in connection establishment: net::ERR_CONNECTION_REFUSED @ http://localhost:3001/_next/static/chunks/node_modules_next_dist_client_0_90u2t._.js:16348
[ 1077781ms] [ERROR] WebSocket connection to 'ws://localhost:3001/_next/hmr?id=nZuv-VWrG6k80xd4F_alX' failed: Error in connection establishment: net::ERR_CONNECTION_REFUSED @ http://localhost:3001/_next/static/chunks/node_modules_next_dist_client_0_90u2t._.js:16348
[ 1082808ms] [ERROR] WebSocket connection to 'ws://localhost:3001/_next/hmr?id=nZuv-VWrG6k80xd4F_alX' failed: Error in connection establishment: net::ERR_CONNECTION_REFUSED @ http://localhost:3001/_next/static/chunks/node_modules_next_dist_client_0_90u2t._.js:16348
[ 1087811ms] [ERROR] WebSocket connection to 'ws://localhost:3001/_next/hmr?id=nZuv-VWrG6k80xd4F_alX' failed: Error in connection establishment: net::ERR_CONNECTION_REFUSED @ http://localhost:3001/_next/static/chunks/node_modules_next_dist_client_0_90u2t._.js:16348
[ 1092826ms] [ERROR] WebSocket connection to 'ws://localhost:3001/_next/hmr?id=nZuv-VWrG6k80xd4F_alX' failed: Error in connection establishment: net::ERR_CONNECTION_REFUSED @ http://localhost:3001/_next/static/chunks/node_modules_next_dist_client_0_90u2t._.js:16348
[ 1443808ms] [INFO] %cDownload the React DevTools for a better development experience: https://react.dev/link/react-devtools font-weight:bold @ http://localhost:3001/_next/static/chunks/node_modules_next_dist_1e8vcs8._.js:776
[ 1443826ms] [LOG] [HMR] connected @ http://localhost:3001/_next/static/chunks/node_modules_next_dist_1e8vcs8._.js:776
[ 1448889ms] [WARNING] Image with src "/project-figma-agent.png" was detected as the Largest Contentful Paint (LCP). Please add the `loading="eager"` property if this image is above the fold.
Read more: https://nextjs.org/docs/app/api-reference/components/image#loading @ http://localhost:3001/_next/static/chunks/node_modules_next_dist_1e8vcs8._.js:776
[ 1473368ms] [INFO] %cDownload the React DevTools for a better development experience: https://react.dev/link/react-devtools font-weight:bold @ http://localhost:3001/_next/static/chunks/node_modules_next_dist_1e8vcs8._.js:776
[ 1473383ms] [LOG] [HMR] connected @ http://localhost:3001/_next/static/chunks/node_modules_next_dist_1e8vcs8._.js:776
[ 1476450ms] [WARNING] Image with src "/project-figma-agent.png" was detected as the Largest Contentful Paint (LCP). Please add the `loading="eager"` property if this image is above the fold.
Read more: https://nextjs.org/docs/app/api-reference/components/image#loading @ http://localhost:3001/_next/static/chunks/node_modules_next_dist_1e8vcs8._.js:776
[ 1498333ms] [INFO] %cDownload the React DevTools for a better development experience: https://react.dev/link/react-devtools font-weight:bold @ http://localhost:3001/_next/static/chunks/node_modules_next_dist_1e8vcs8._.js:776
[ 1498345ms] [LOG] [HMR] connected @ http://localhost:3001/_next/static/chunks/node_modules_next_dist_1e8vcs8._.js:776
[ 1501390ms] [WARNING] Image with src "/project-figma-agent.png" was detected as the Largest Contentful Paint (LCP). Please add the `loading="eager"` property if this image is above the fold.
Read more: https://nextjs.org/docs/app/api-reference/components/image#loading @ http://localhost:3001/_next/static/chunks/node_modules_next_dist_1e8vcs8._.js:776
[ 1515339ms] [INFO] %cDownload the React DevTools for a better development experience: https://react.dev/link/react-devtools font-weight:bold @ http://localhost:3001/_next/static/chunks/node_modules_next_dist_1e8vcs8._.js:776
[ 1515354ms] [LOG] [HMR] connected @ http://localhost:3001/_next/static/chunks/node_modules_next_dist_1e8vcs8._.js:776
[ 1518582ms] [WARNING] Image with src "/project-n8n-section-03.png" was detected as the Largest Contentful Paint (LCP). Please add the `loading="eager"` property if this image is above the fold.
Read more: https://nextjs.org/docs/app/api-reference/components/image#loading @ http://localhost:3001/_next/static/chunks/node_modules_next_dist_1e8vcs8._.js:776
[ 1557535ms] [LOG] [Fast Refresh] rebuilding @ http://localhost:3001/_next/static/chunks/node_modules_next_dist_1e8vcs8._.js:776
[ 1557592ms] [LOG] [Fast Refresh] done in 21ms @ http://localhost:3001/_next/static/chunks/node_modules_next_dist_1e8vcs8._.js:776
[ 1557668ms] [LOG] [Fast Refresh] done in 21ms @ http://localhost:3001/_next/static/chunks/node_modules_next_dist_1e8vcs8._.js:776
[ 1557729ms] [LOG] [Fast Refresh] done in 21ms @ http://localhost:3001/_next/static/chunks/node_modules_next_dist_1e8vcs8._.js:776
[ 1557790ms] [LOG] [Fast Refresh] done in 21ms @ http://localhost:3001/_next/static/chunks/node_modules_next_dist_1e8vcs8._.js:776
[ 1557837ms] [LOG] [Fast Refresh] done in 21ms @ http://localhost:3001/_next/static/chunks/node_modules_next_dist_1e8vcs8._.js:776
[ 1557899ms] [LOG] [Fast Refresh] done in 21ms @ http://localhost:3001/_next/static/chunks/node_modules_next_dist_1e8vcs8._.js:776
[ 1557961ms] [LOG] [Fast Refresh] done in 21ms @ http://localhost:3001/_next/static/chunks/node_modules_next_dist_1e8vcs8._.js:776
[ 1558021ms] [LOG] [Fast Refresh] done in 21ms @ http://localhost:3001/_next/static/chunks/node_modules_next_dist_1e8vcs8._.js:776
[ 1558085ms] [LOG] [Fast Refresh] done in 21ms @ http://localhost:3001/_next/static/chunks/node_modules_next_dist_1e8vcs8._.js:776
[ 1558145ms] [LOG] [Fast Refresh] done in 21ms @ http://localhost:3001/_next/static/chunks/node_modules_next_dist_1e8vcs8._.js:776
[ 1558207ms] [LOG] [Fast Refresh] done in 21ms @ http://localhost:3001/_next/static/chunks/node_modules_next_dist_1e8vcs8._.js:776
[ 1558268ms] [LOG] [Fast Refresh] done in 21ms @ http://localhost:3001/_next/static/chunks/node_modules_next_dist_1e8vcs8._.js:776
[ 1558329ms] [LOG] [Fast Refresh] done in 21ms @ http://localhost:3001/_next/static/chunks/node_modules_next_dist_1e8vcs8._.js:776
[ 1558390ms] [LOG] [Fast Refresh] done in 21ms @ http://localhost:3001/_next/static/chunks/node_modules_next_dist_1e8vcs8._.js:776
[ 1558452ms] [LOG] [Fast Refresh] done in 21ms @ http://localhost:3001/_next/static/chunks/node_modules_next_dist_1e8vcs8._.js:776
[ 1558513ms] [LOG] [Fast Refresh] done in 21ms @ http://localhost:3001/_next/static/chunks/node_modules_next_dist_1e8vcs8._.js:776
[ 1558560ms] [LOG] [Fast Refresh] done in 21ms @ http://localhost:3001/_next/static/chunks/node_modules_next_dist_1e8vcs8._.js:776
[ 1558621ms] [LOG] [Fast Refresh] done in 21ms @ http://localhost:3001/_next/static/chunks/node_modules_next_dist_1e8vcs8._.js:776
[ 1558682ms] [LOG] [Fast Refresh] done in 21ms @ http://localhost:3001/_next/static/chunks/node_modules_next_dist_1e8vcs8._.js:776
[ 1558743ms] [LOG] [Fast Refresh] done in 21ms @ http://localhost:3001/_next/static/chunks/node_modules_next_dist_1e8vcs8._.js:776
[ 1558804ms] [LOG] [Fast Refresh] done in 21ms @ http://localhost:3001/_next/static/chunks/node_modules_next_dist_1e8vcs8._.js:776
[ 1558851ms] [LOG] [Fast Refresh] done in 21ms @ http://localhost:3001/_next/static/chunks/node_modules_next_dist_1e8vcs8._.js:776
[ 1558912ms] [LOG] [Fast Refresh] done in 21ms @ http://localhost:3001/_next/static/chunks/node_modules_next_dist_1e8vcs8._.js:776
[ 1558972ms] [LOG] [Fast Refresh] done in 21ms @ http://localhost:3001/_next/static/chunks/node_modules_next_dist_1e8vcs8._.js:776
[ 1559020ms] [LOG] [Fast Refresh] done in 21ms @ http://localhost:3001/_next/static/chunks/node_modules_next_dist_1e8vcs8._.js:776
[ 1559083ms] [LOG] [Fast Refresh] done in 21ms @ http://localhost:3001/_next/static/chunks/node_modules_next_dist_1e8vcs8._.js:776
[ 1559144ms] [LOG] [Fast Refresh] done in 21ms @ http://localhost:3001/_next/static/chunks/node_modules_next_dist_1e8vcs8._.js:776
[ 1559191ms] [LOG] [Fast Refresh] done in 21ms @ http://localhost:3001/_next/static/chunks/node_modules_next_dist_1e8vcs8._.js:776
[ 1559238ms] [LOG] [Fast Refresh] done in 21ms @ http://localhost:3001/_next/static/chunks/node_modules_next_dist_1e8vcs8._.js:776
[ 1559298ms] [LOG] [Fast Refresh] done in 21ms @ http://localhost:3001/_next/static/chunks/node_modules_next_dist_1e8vcs8._.js:776
[ 1559344ms] [LOG] [Fast Refresh] done in 21ms @ http://localhost:3001/_next/static/chunks/node_modules_next_dist_1e8vcs8._.js:776
[ 1559406ms] [LOG] [Fast Refresh] done in 21ms @ http://localhost:3001/_next/static/chunks/node_modules_next_dist_1e8vcs8._.js:776
[ 1559466ms] [LOG] [Fast Refresh] done in 21ms @ http://localhost:3001/_next/static/chunks/node_modules_next_dist_1e8vcs8._.js:776
[ 1559528ms] [LOG] [Fast Refresh] done in 21ms @ http://localhost:3001/_next/static/chunks/node_modules_next_dist_1e8vcs8._.js:776
[ 1559589ms] [LOG] [Fast Refresh] done in 21ms @ http://localhost:3001/_next/static/chunks/node_modules_next_dist_1e8vcs8._.js:776
[ 1559650ms] [LOG] [Fast Refresh] done in 21ms @ http://localhost:3001/_next/static/chunks/node_modules_next_dist_1e8vcs8._.js:776
[ 1559711ms] [LOG] [Fast Refresh] done in 21ms @ http://localhost:3001/_next/static/chunks/node_modules_next_dist_1e8vcs8._.js:776
[ 1559773ms] [LOG] [Fast Refresh] done in 21ms @ http://localhost:3001/_next/static/chunks/node_modules_next_dist_1e8vcs8._.js:776
[ 1559835ms] [LOG] [Fast Refresh] done in 21ms @ http://localhost:3001/_next/static/chunks/node_modules_next_dist_1e8vcs8._.js:776
[ 1559898ms] [LOG] [Fast Refresh] done in 21ms @ http://localhost:3001/_next/static/chunks/node_modules_next_dist_1e8vcs8._.js:776
[ 1559945ms] [LOG] [Fast Refresh] done in 21ms @ http://localhost:3001/_next/static/chunks/node_modules_next_dist_1e8vcs8._.js:776
[ 1560006ms] [LOG] [Fast Refresh] done in 21ms @ http://localhost:3001/_next/static/chunks/node_modules_next_dist_1e8vcs8._.js:776
[ 1560068ms] [LOG] [Fast Refresh] done in 21ms @ http://localhost:3001/_next/static/chunks/node_modules_next_dist_1e8vcs8._.js:776
[ 1560130ms] [LOG] [Fast Refresh] done in 21ms @ http://localhost:3001/_next/static/chunks/node_modules_next_dist_1e8vcs8._.js:776
[ 1560178ms] [LOG] [Fast Refresh] done in 21ms @ http://localhost:3001/_next/static/chunks/node_modules_next_dist_1e8vcs8._.js:776
[ 1560238ms] [LOG] [Fast Refresh] done in 21ms @ http://localhost:3001/_next/static/chunks/node_modules_next_dist_1e8vcs8._.js:776
[ 1560299ms] [LOG] [Fast Refresh] done in 21ms @ http://localhost:3001/_next/static/chunks/node_modules_next_dist_1e8vcs8._.js:776
[ 1560361ms] [LOG] [Fast Refresh] done in 21ms @ http://localhost:3001/_next/static/chunks/node_modules_next_dist_1e8vcs8._.js:776
[ 1560423ms] [LOG] [Fast Refresh] done in 21ms @ http://localhost:3001/_next/static/chunks/node_modules_next_dist_1e8vcs8._.js:776
[ 1560484ms] [LOG] [Fast Refresh] done in 21ms @ http://localhost:3001/_next/static/chunks/node_modules_next_dist_1e8vcs8._.js:776
[ 1560545ms] [LOG] [Fast Refresh] done in 21ms @ http://localhost:3001/_next/static/chunks/node_modules_next_dist_1e8vcs8._.js:776
[ 1560592ms] [LOG] [Fast Refresh] done in 21ms @ http://localhost:3001/_next/static/chunks/node_modules_next_dist_1e8vcs8._.js:776
[ 1560654ms] [LOG] [Fast Refresh] done in 21ms @ http://localhost:3001/_next/static/chunks/node_modules_next_dist_1e8vcs8._.js:776
[ 1560714ms] [LOG] [Fast Refresh] done in 21ms @ http://localhost:3001/_next/static/chunks/node_modules_next_dist_1e8vcs8._.js:776
[ 1560761ms] [LOG] [Fast Refresh] done in 21ms @ http://localhost:3001/_next/static/chunks/node_modules_next_dist_1e8vcs8._.js:776
[ 1560823ms] [LOG] [Fast Refresh] done in 21ms @ http://localhost:3001/_next/static/chunks/node_modules_next_dist_1e8vcs8._.js:776
[ 1560886ms] [LOG] [Fast Refresh] done in 21ms @ http://localhost:3001/_next/static/chunks/node_modules_next_dist_1e8vcs8._.js:776
[ 1560946ms] [LOG] [Fast Refresh] done in 21ms @ http://localhost:3001/_next/static/chunks/node_modules_next_dist_1e8vcs8._.js:776
[ 1561009ms] [LOG] [Fast Refresh] done in 21ms @ http://localhost:3001/_next/static/chunks/node_modules_next_dist_1e8vcs8._.js:776
[ 1561070ms] [LOG] [Fast Refresh] done in 21ms @ http://localhost:3001/_next/static/chunks/node_modules_next_dist_1e8vcs8._.js:776
[ 1561132ms] [LOG] [Fast Refresh] done in 21ms @ http://localhost:3001/_next/static/chunks/node_modules_next_dist_1e8vcs8._.js:776
[ 1561195ms] [LOG] [Fast Refresh] done in 21ms @ http://localhost:3001/_next/static/chunks/node_modules_next_dist_1e8vcs8._.js:776
[ 1561256ms] [LOG] [Fast Refresh] done in 21ms @ http://localhost:3001/_next/static/chunks/node_modules_next_dist_1e8vcs8._.js:776
[ 1561318ms] [LOG] [Fast Refresh] done in 21ms @ http://localhost:3001/_next/static/chunks/node_modules_next_dist_1e8vcs8._.js:776
[ 1561380ms] [LOG] [Fast Refresh] done in 21ms @ http://localhost:3001/_next/static/chunks/node_modules_next_dist_1e8vcs8._.js:776
[ 1561442ms] [LOG] [Fast Refresh] done in 21ms @ http://localhost:3001/_next/static/chunks/node_modules_next_dist_1e8vcs8._.js:776
[ 1561505ms] [LOG] [Fast Refresh] done in 21ms @ http://localhost:3001/_next/static/chunks/node_modules_next_dist_1e8vcs8._.js:776
[ 1561566ms] [LOG] [Fast Refresh] done in 21ms @ http://localhost:3001/_next/static/chunks/node_modules_next_dist_1e8vcs8._.js:776
[ 1561627ms] [LOG] [Fast Refresh] done in 21ms @ http://localhost:3001/_next/static/chunks/node_modules_next_dist_1e8vcs8._.js:776
[ 1561688ms] [LOG] [Fast Refresh] done in 21ms @ http://localhost:3001/_next/static/chunks/node_modules_next_dist_1e8vcs8._.js:776
[ 1561749ms] [LOG] [Fast Refresh] done in 21ms @ http://localhost:3001/_next/static/chunks/node_modules_next_dist_1e8vcs8._.js:776
[ 1561811ms] [LOG] [Fast Refresh] done in 21ms @ http://localhost:3001/_next/static/chunks/node_modules_next_dist_1e8vcs8._.js:776
[ 1561872ms] [LOG] [Fast Refresh] done in 21ms @ http://localhost:3001/_next/static/chunks/node_modules_next_dist_1e8vcs8._.js:776
[ 1561932ms] [LOG] [Fast Refresh] done in 21ms @ http://localhost:3001/_next/static/chunks/node_modules_next_dist_1e8vcs8._.js:776
[ 1561994ms] [LOG] [Fast Refresh] done in 21ms @ http://localhost:3001/_next/static/chunks/node_modules_next_dist_1e8vcs8._.js:776
[ 1562054ms] [LOG] [Fast Refresh] done in 21ms @ http://localhost:3001/_next/static/chunks/node_modules_next_dist_1e8vcs8._.js:776
[ 1562115ms] [LOG] [Fast Refresh] done in 21ms @ http://localhost:3001/_next/static/chunks/node_modules_next_dist_1e8vcs8._.js:776
[ 1562178ms] [LOG] [Fast Refresh] done in 21ms @ http://localhost:3001/_next/static/chunks/node_modules_next_dist_1e8vcs8._.js:776
[ 1562224ms] [LOG] [Fast Refresh] done in 21ms @ http://localhost:3001/_next/static/chunks/node_modules_next_dist_1e8vcs8._.js:776
[ 1562286ms] [LOG] [Fast Refresh] done in 21ms @ http://localhost:3001/_next/static/chunks/node_modules_next_dist_1e8vcs8._.js:776
[ 1562348ms] [LOG] [Fast Refresh] done in 21ms @ http://localhost:3001/_next/static/chunks/node_modules_next_dist_1e8vcs8._.js:776
[ 1562410ms] [LOG] [Fast Refresh] done in 21ms @ http://localhost:3001/_next/static/chunks/node_modules_next_dist_1e8vcs8._.js:776
[ 1562457ms] [LOG] [Fast Refresh] done in 21ms @ http://localhost:3001/_next/static/chunks/node_modules_next_dist_1e8vcs8._.js:776
[ 1562517ms] [LOG] [Fast Refresh] done in 21ms @ http://localhost:3001/_next/static/chunks/node_modules_next_dist_1e8vcs8._.js:776
[ 1562579ms] [LOG] [Fast Refresh] done in 21ms @ http://localhost:3001/_next/static/chunks/node_modules_next_dist_1e8vcs8._.js:776
[ 1562641ms] [LOG] [Fast Refresh] done in 21ms @ http://localhost:3001/_next/static/chunks/node_modules_next_dist_1e8vcs8._.js:776
[ 1562702ms] [LOG] [Fast Refresh] done in 21ms @ http://localhost:3001/_next/static/chunks/node_modules_next_dist_1e8vcs8._.js:776
[ 1562764ms] [LOG] [Fast Refresh] done in 21ms @ http://localhost:3001/_next/static/chunks/node_modules_next_dist_1e8vcs8._.js:776
[ 1562825ms] [LOG] [Fast Refresh] done in 21ms @ http://localhost:3001/_next/static/chunks/node_modules_next_dist_1e8vcs8._.js:776
[ 1562886ms] [LOG] [Fast Refresh] done in 21ms @ http://localhost:3001/_next/static/chunks/node_modules_next_dist_1e8vcs8._.js:776
[ 1562947ms] [LOG] [Fast Refresh] done in 21ms @ http://localhost:3001/_next/static/chunks/node_modules_next_dist_1e8vcs8._.js:776
[ 1563007ms] [LOG] [Fast Refresh] done in 21ms @ http://localhost:3001/_next/static/chunks/node_modules_next_dist_1e8vcs8._.js:776
[ 1563054ms] [LOG] [Fast Refresh] done in 21ms @ http://localhost:3001/_next/static/chunks/node_modules_next_dist_1e8vcs8._.js:776
[ 1563115ms] [LOG] [Fast Refresh] done in 21ms @ http://localhost:3001/_next/static/chunks/node_modules_next_dist_1e8vcs8._.js:776
[ 1563177ms] [LOG] [Fast Refresh] done in 21ms @ http://localhost:3001/_next/static/chunks/node_modules_next_dist_1e8vcs8._.js:776
[ 1563238ms] [LOG] [Fast Refresh] done in 21ms @ http://localhost:3001/_next/static/chunks/node_modules_next_dist_1e8vcs8._.js:776
[ 1563300ms] [LOG] [Fast Refresh] done in 21ms @ http://localhost:3001/_next/static/chunks/node_modules_next_dist_1e8vcs8._.js:776
[ 1563361ms] [LOG] [Fast Refresh] done in 21ms @ http://localhost:3001/_next/static/chunks/node_modules_next_dist_1e8vcs8._.js:776
[ 1563408ms] [LOG] [Fast Refresh] done in 21ms @ http://localhost:3001/_next/static/chunks/node_modules_next_dist_1e8vcs8._.js:776
[ 1563470ms] [LOG] [Fast Refresh] done in 21ms @ http://localhost:3001/_next/static/chunks/node_modules_next_dist_1e8vcs8._.js:776
[ 1563532ms] [LOG] [Fast Refresh] done in 21ms @ http://localhost:3001/_next/static/chunks/node_modules_next_dist_1e8vcs8._.js:776
[ 1563594ms] [LOG] [Fast Refresh] done in 21ms @ http://localhost:3001/_next/static/chunks/node_modules_next_dist_1e8vcs8._.js:776
[ 1563657ms] [LOG] [Fast Refresh] done in 21ms @ http://localhost:3001/_next/static/chunks/node_modules_next_dist_1e8vcs8._.js:776
[ 1563717ms] [LOG] [Fast Refresh] done in 21ms @ http://localhost:3001/_next/static/chunks/node_modules_next_dist_1e8vcs8._.js:776
[ 1563778ms] [LOG] [Fast Refresh] done in 21ms @ http://localhost:3001/_next/static/chunks/node_modules_next_dist_1e8vcs8._.js:776
[ 1563838ms] [LOG] [Fast Refresh] done in 21ms @ http://localhost:3001/_next/static/chunks/node_modules_next_dist_1e8vcs8._.js:776
[ 1563900ms] [LOG] [Fast Refresh] done in 21ms @ http://localhost:3001/_next/static/chunks/node_modules_next_dist_1e8vcs8._.js:776
[ 1563961ms] [LOG] [Fast Refresh] done in 21ms @ http://localhost:3001/_next/static/chunks/node_modules_next_dist_1e8vcs8._.js:776
[ 1564022ms] [LOG] [Fast Refresh] done in 21ms @ http://localhost:3001/_next/static/chunks/node_modules_next_dist_1e8vcs8._.js:776
[ 1564083ms] [LOG] [Fast Refresh] done in 21ms @ http://localhost:3001/_next/static/chunks/node_modules_next_dist_1e8vcs8._.js:776
[ 1564145ms] [LOG] [Fast Refresh] done in 21ms @ http://localhost:3001/_next/static/chunks/node_modules_next_dist_1e8vcs8._.js:776
[ 1564208ms] [LOG] [Fast Refresh] done in 21ms @ http://localhost:3001/_next/static/chunks/node_modules_next_dist_1e8vcs8._.js:776
[ 1564270ms] [LOG] [Fast Refresh] done in 21ms @ http://localhost:3001/_next/static/chunks/node_modules_next_dist_1e8vcs8._.js:776
[ 1564332ms] [LOG] [Fast Refresh] done in 21ms @ http://localhost:3001/_next/static/chunks/node_modules_next_dist_1e8vcs8._.js:776
[ 1564393ms] [LOG] [Fast Refresh] done in 21ms @ http://localhost:3001/_next/static/chunks/node_modules_next_dist_1e8vcs8._.js:776
[ 1564454ms] [LOG] [Fast Refresh] done in 21ms @ http://localhost:3001/_next/static/chunks/node_modules_next_dist_1e8vcs8._.js:776
[ 1564515ms] [LOG] [Fast Refresh] done in 21ms @ http://localhost:3001/_next/static/chunks/node_modules_next_dist_1e8vcs8._.js:776
[ 1564576ms] [LOG] [Fast Refresh] done in 21ms @ http://localhost:3001/_next/static/chunks/node_modules_next_dist_1e8vcs8._.js:776
[ 1564637ms] [LOG] [Fast Refresh] done in 21ms @ http://localhost:3001/_next/static/chunks/node_modules_next_dist_1e8vcs8._.js:776
[ 1564698ms] [LOG] [Fast Refresh] done in 21ms @ http://localhost:3001/_next/static/chunks/node_modules_next_dist_1e8vcs8._.js:776
[ 1564745ms] [LOG] [Fast Refresh] done in 21ms @ http://localhost:3001/_next/static/chunks/node_modules_next_dist_1e8vcs8._.js:776
[ 1564806ms] [LOG] [Fast Refresh] done in 21ms @ http://localhost:3001/_next/static/chunks/node_modules_next_dist_1e8vcs8._.js:776
[ 1564868ms] [LOG] [Fast Refresh] done in 21ms @ http://localhost:3001/_next/static/chunks/node_modules_next_dist_1e8vcs8._.js:776
[ 1564929ms] [LOG] [Fast Refresh] done in 21ms @ http://localhost:3001/_next/static/chunks/node_modules_next_dist_1e8vcs8._.js:776
[ 1564989ms] [LOG] [Fast Refresh] done in 21ms @ http://localhost:3001/_next/static/chunks/node_modules_next_dist_1e8vcs8._.js:776
[ 1565035ms] [LOG] [Fast Refresh] done in 21ms @ http://localhost:3001/_next/static/chunks/node_modules_next_dist_1e8vcs8._.js:776
[ 1565096ms] [LOG] [Fast Refresh] done in 21ms @ http://localhost:3001/_next/static/chunks/node_modules_next_dist_1e8vcs8._.js:776
[ 1565158ms] [LOG] [Fast Refresh] done in 21ms @ http://localhost:3001/_next/static/chunks/node_modules_next_dist_1e8vcs8._.js:776
[ 1565219ms] [LOG] [Fast Refresh] done in 21ms @ http://localhost:3001/_next/static/chunks/node_modules_next_dist_1e8vcs8._.js:776
[ 1565280ms] [LOG] [Fast Refresh] done in 21ms @ http://localhost:3001/_next/static/chunks/node_modules_next_dist_1e8vcs8._.js:776
[ 1565340ms] [LOG] [Fast Refresh] done in 21ms @ http://localhost:3001/_next/static/chunks/node_modules_next_dist_1e8vcs8._.js:776
[ 1565402ms] [LOG] [Fast Refresh] done in 21ms @ http://localhost:3001/_next/static/chunks/node_modules_next_dist_1e8vcs8._.js:776
[ 1565464ms] [LOG] [Fast Refresh] done in 21ms @ http://localhost:3001/_next/static/chunks/node_modules_next_dist_1e8vcs8._.js:776
[ 1565526ms] [LOG] [Fast Refresh] done in 21ms @ http://localhost:3001/_next/static/chunks/node_modules_next_dist_1e8vcs8._.js:776
[ 1565588ms] [LOG] [Fast Refresh] done in 21ms @ http://localhost:3001/_next/static/chunks/node_modules_next_dist_1e8vcs8._.js:776
[ 1565650ms] [LOG] [Fast Refresh] done in 21ms @ http://localhost:3001/_next/static/chunks/node_modules_next_dist_1e8vcs8._.js:776
[ 1565710ms] [LOG] [Fast Refresh] done in 21ms @ http://localhost:3001/_next/static/chunks/node_modules_next_dist_1e8vcs8._.js:776
[ 1565771ms] [LOG] [Fast Refresh] done in 21ms @ http://localhost:3001/_next/static/chunks/node_modules_next_dist_1e8vcs8._.js:776
[ 1565833ms] [LOG] [Fast Refresh] done in 21ms @ http://localhost:3001/_next/static/chunks/node_modules_next_dist_1e8vcs8._.js:776
[ 1565879ms] [LOG] [Fast Refresh] done in 21ms @ http://localhost:3001/_next/static/chunks/node_modules_next_dist_1e8vcs8._.js:776
[ 1565941ms] [LOG] [Fast Refresh] done in 21ms @ http://localhost:3001/_next/static/chunks/node_modules_next_dist_1e8vcs8._.js:776
[ 1566001ms] [LOG] [Fast Refresh] done in 21ms @ http://localhost:3001/_next/static/chunks/node_modules_next_dist_1e8vcs8._.js:776
[ 1566062ms] [LOG] [Fast Refresh] done in 21ms @ http://localhost:3001/_next/static/chunks/node_modules_next_dist_1e8vcs8._.js:776
[ 1566124ms] [LOG] [Fast Refresh] done in 21ms @ http://localhost:3001/_next/static/chunks/node_modules_next_dist_1e8vcs8._.js:776
[ 1566186ms] [LOG] [Fast Refresh] done in 21ms @ http://localhost:3001/_next/static/chunks/node_modules_next_dist_1e8vcs8._.js:776
[ 1566247ms] [LOG] [Fast Refresh] done in 21ms @ http://localhost:3001/_next/static/chunks/node_modules_next_dist_1e8vcs8._.js:776
[ 1566310ms] [LOG] [Fast Refresh] done in 21ms @ http://localhost:3001/_next/static/chunks/node_modules_next_dist_1e8vcs8._.js:776
[ 1566372ms] [LOG] [Fast Refresh] done in 21ms @ http://localhost:3001/_next/static/chunks/node_modules_next_dist_1e8vcs8._.js:776
[ 1566433ms] [LOG] [Fast Refresh] done in 21ms @ http://localhost:3001/_next/static/chunks/node_modules_next_dist_1e8vcs8._.js:776
[ 1566494ms] [LOG] [Fast Refresh] done in 21ms @ http://localhost:3001/_next/static/chunks/node_modules_next_dist_1e8vcs8._.js:776
[ 1566557ms] [LOG] [Fast Refresh] done in 21ms @ http://localhost:3001/_next/static/chunks/node_modules_next_dist_1e8vcs8._.js:776
[ 1566604ms] [LOG] [Fast Refresh] done in 21ms @ http://localhost:3001/_next/static/chunks/node_modules_next_dist_1e8vcs8._.js:776
[ 1566666ms] [LOG] [Fast Refresh] done in 21ms @ http://localhost:3001/_next/static/chunks/node_modules_next_dist_1e8vcs8._.js:776
[ 1566727ms] [LOG] [Fast Refresh] done in 21ms @ http://localhost:3001/_next/static/chunks/node_modules_next_dist_1e8vcs8._.js:776
[ 1566774ms] [LOG] [Fast Refresh] done in 21ms @ http://localhost:3001/_next/static/chunks/node_modules_next_dist_1e8vcs8._.js:776
[ 1566835ms] [LOG] [Fast Refresh] done in 21ms @ http://localhost:3001/_next/static/chunks/node_modules_next_dist_1e8vcs8._.js:776
[ 1566898ms] [LOG] [Fast Refresh] done in 21ms @ http://localhost:3001/_next/static/chunks/node_modules_next_dist_1e8vcs8._.js:776
[ 1566958ms] [LOG] [Fast Refresh] done in 21ms @ http://localhost:3001/_next/static/chunks/node_modules_next_dist_1e8vcs8._.js:776
[ 1567019ms] [LOG] [Fast Refresh] done in 21ms @ http://localhost:3001/_next/static/chunks/node_modules_next_dist_1e8vcs8._.js:776
[ 1567080ms] [LOG] [Fast Refresh] done in 21ms @ http://localhost:3001/_next/static/chunks/node_modules_next_dist_1e8vcs8._.js:776
[ 1567128ms] [LOG] [Fast Refresh] done in 21ms @ http://localhost:3001/_next/static/chunks/node_modules_next_dist_1e8vcs8._.js:776
[ 1567190ms] [LOG] [Fast Refresh] done in 21ms @ http://localhost:3001/_next/static/chunks/node_modules_next_dist_1e8vcs8._.js:776
[ 1567251ms] [LOG] [Fast Refresh] done in 21ms @ http://localhost:3001/_next/static/chunks/node_modules_next_dist_1e8vcs8._.js:776
[ 1567312ms] [LOG] [Fast Refresh] done in 21ms @ http://localhost:3001/_next/static/chunks/node_modules_next_dist_1e8vcs8._.js:776
[ 1567373ms] [LOG] [Fast Refresh] done in 21ms @ http://localhost:3001/_next/static/chunks/node_modules_next_dist_1e8vcs8._.js:776
[ 1567434ms] [LOG] [Fast Refresh] done in 21ms @ http://localhost:3001/_next/static/chunks/node_modules_next_dist_1e8vcs8._.js:776
[ 1567496ms] [LOG] [Fast Refresh] done in 21ms @ http://localhost:3001/_next/static/chunks/node_modules_next_dist_1e8vcs8._.js:776
[ 1567556ms] [LOG] [Fast Refresh] done in 21ms @ http://localhost:3001/_next/static/chunks/node_modules_next_dist_1e8vcs8._.js:776
[ 1567617ms] [LOG] [Fast Refresh] done in 21ms @ http://localhost:3001/_next/static/chunks/node_modules_next_dist_1e8vcs8._.js:776
[ 1567678ms] [LOG] [Fast Refresh] done in 21ms @ http://localhost:3001/_next/static/chunks/node_modules_next_dist_1e8vcs8._.js:776
[ 1567739ms] [LOG] [Fast Refresh] done in 21ms @ http://localhost:3001/_next/static/chunks/node_modules_next_dist_1e8vcs8._.js:776
[ 1567801ms] [LOG] [Fast Refresh] done in 21ms @ http://localhost:3001/_next/static/chunks/node_modules_next_dist_1e8vcs8._.js:776
[ 1567861ms] [LOG] [Fast Refresh] done in 21ms @ http://localhost:3001/_next/static/chunks/node_modules_next_dist_1e8vcs8._.js:776
[ 1567923ms] [LOG] [Fast Refresh] done in 21ms @ http://localhost:3001/_next/static/chunks/node_modules_next_dist_1e8vcs8._.js:776
[ 1567985ms] [LOG] [Fast Refresh] done in 21ms @ http://localhost:3001/_next/static/chunks/node_modules_next_dist_1e8vcs8._.js:776
[ 1568047ms] [LOG] [Fast Refresh] done in 21ms @ http://localhost:3001/_next/static/chunks/node_modules_next_dist_1e8vcs8._.js:776
[ 1568109ms] [LOG] [Fast Refresh] done in 21ms @ http://localhost:3001/_next/static/chunks/node_modules_next_dist_1e8vcs8._.js:776
[ 1568171ms] [LOG] [Fast Refresh] done in 21ms @ http://localhost:3001/_next/static/chunks/node_modules_next_dist_1e8vcs8._.js:776
[ 1568232ms] [LOG] [Fast Refresh] done in 21ms @ http://localhost:3001/_next/static/chunks/node_modules_next_dist_1e8vcs8._.js:776
[ 1568294ms] [LOG] [Fast Refresh] done in 21ms @ http://localhost:3001/_next/static/chunks/node_modules_next_dist_1e8vcs8._.js:776
[ 1568342ms] [LOG] [Fast Refresh] done in 21ms @ http://localhost:3001/_next/static/chunks/node_modules_next_dist_1e8vcs8._.js:776
[ 1568403ms] [LOG] [Fast Refresh] done in 21ms @ http://localhost:3001/_next/static/chunks/node_modules_next_dist_1e8vcs8._.js:776
[ 1568464ms] [LOG] [Fast Refresh] done in 21ms @ http://localhost:3001/_next/static/chunks/node_modules_next_dist_1e8vcs8._.js:776
[ 1568526ms] [LOG] [Fast Refresh] done in 21ms @ http://localhost:3001/_next/static/chunks/node_modules_next_dist_1e8vcs8._.js:776
[ 1568587ms] [LOG] [Fast Refresh] done in 21ms @ http://localhost:3001/_next/static/chunks/node_modules_next_dist_1e8vcs8._.js:776
[ 1568647ms] [LOG] [Fast Refresh] done in 21ms @ http://localhost:3001/_next/static/chunks/node_modules_next_dist_1e8vcs8._.js:776
[ 1568708ms] [LOG] [Fast Refresh] done in 21ms @ http://localhost:3001/_next/static/chunks/node_modules_next_dist_1e8vcs8._.js:776
[ 1568771ms] [LOG] [Fast Refresh] done in 21ms @ http://localhost:3001/_next/static/chunks/node_modules_next_dist_1e8vcs8._.js:776
[ 1568817ms] [LOG] [Fast Refresh] done in 21ms @ http://localhost:3001/_next/static/chunks/node_modules_next_dist_1e8vcs8._.js:776
[ 1568877ms] [LOG] [Fast Refresh] done in 21ms @ http://localhost:3001/_next/static/chunks/node_modules_next_dist_1e8vcs8._.js:776
[ 1568937ms] [LOG] [Fast Refresh] done in 21ms @ http://localhost:3001/_next/static/chunks/node_modules_next_dist_1e8vcs8._.js:776
[ 1568998ms] [LOG] [Fast Refresh] done in 21ms @ http://localhost:3001/_next/static/chunks/node_modules_next_dist_1e8vcs8._.js:776
[ 1569059ms] [LOG] [Fast Refresh] done in 21ms @ http://localhost:3001/_next/static/chunks/node_modules_next_dist_1e8vcs8._.js:776
[ 1569121ms] [LOG] [Fast Refresh] done in 21ms @ http://localhost:3001/_next/static/chunks/node_modules_next_dist_1e8vcs8._.js:776
[ 1569182ms] [LOG] [Fast Refresh] done in 21ms @ http://localhost:3001/_next/static/chunks/node_modules_next_dist_1e8vcs8._.js:776
[ 1569242ms] [LOG] [Fast Refresh] done in 21ms @ http://localhost:3001/_next/static/chunks/node_modules_next_dist_1e8vcs8._.js:776
[ 1569304ms] [LOG] [Fast Refresh] done in 21ms @ http://localhost:3001/_next/static/chunks/node_modules_next_dist_1e8vcs8._.js:776
[ 1569352ms] [LOG] [Fast Refresh] done in 21ms @ http://localhost:3001/_next/static/chunks/node_modules_next_dist_1e8vcs8._.js:776
[ 1569415ms] [LOG] [Fast Refresh] done in 21ms @ http://localhost:3001/_next/static/chunks/node_modules_next_dist_1e8vcs8._.js:776
[ 1569476ms] [LOG] [Fast Refresh] done in 21ms @ http://localhost:3001/_next/static/chunks/node_modules_next_dist_1e8vcs8._.js:776
[ 1569537ms] [LOG] [Fast Refresh] done in 21ms @ http://localhost:3001/_next/static/chunks/node_modules_next_dist_1e8vcs8._.js:776
[ 1569598ms] [LOG] [Fast Refresh] done in 21ms @ http://localhost:3001/_next/static/chunks/node_modules_next_dist_1e8vcs8._.js:776
[ 1569660ms] [LOG] [Fast Refresh] done in 21ms @ http://localhost:3001/_next/static/chunks/node_modules_next_dist_1e8vcs8._.js:776
[ 1569708ms] [LOG] [Fast Refresh] done in 21ms @ http://localhost:3001/_next/static/chunks/node_modules_next_dist_1e8vcs8._.js:776
[ 1569754ms] [LOG] [Fast Refresh] done in 21ms @ http://localhost:3001/_next/static/chunks/node_modules_next_dist_1e8vcs8._.js:776
[ 1569815ms] [LOG] [Fast Refresh] done in 21ms @ http://localhost:3001/_next/static/chunks/node_modules_next_dist_1e8vcs8._.js:776
[ 1569877ms] [LOG] [Fast Refresh] done in 21ms @ http://localhost:3001/_next/static/chunks/node_modules_next_dist_1e8vcs8._.js:776
[ 1569939ms] [LOG] [Fast Refresh] done in 21ms @ http://localhost:3001/_next/static/chunks/node_modules_next_dist_1e8vcs8._.js:776
[ 1570001ms] [LOG] [Fast Refresh] done in 21ms @ http://localhost:3001/_next/static/chunks/node_modules_next_dist_1e8vcs8._.js:776
[ 1570061ms] [LOG] [Fast Refresh] done in 21ms @ http://localhost:3001/_next/static/chunks/node_modules_next_dist_1e8vcs8._.js:776
[ 1570124ms] [LOG] [Fast Refresh] done in 21ms @ http://localhost:3001/_next/static/chunks/node_modules_next_dist_1e8vcs8._.js:776
[ 1570186ms] [LOG] [Fast Refresh] done in 21ms @ http://localhost:3001/_next/static/chunks/node_modules_next_dist_1e8vcs8._.js:776
[ 1570248ms] [LOG] [Fast Refresh] done in 21ms @ http://localhost:3001/_next/static/chunks/node_modules_next_dist_1e8vcs8._.js:776
[ 1570311ms] [LOG] [Fast Refresh] done in 21ms @ http://localhost:3001/_next/static/chunks/node_modules_next_dist_1e8vcs8._.js:776
[ 1570372ms] [LOG] [Fast Refresh] done in 21ms @ http://localhost:3001/_next/static/chunks/node_modules_next_dist_1e8vcs8._.js:776
[ 1570419ms] [LOG] [Fast Refresh] done in 21ms @ http://localhost:3001/_next/static/chunks/node_modules_next_dist_1e8vcs8._.js:776
[ 1570480ms] [LOG] [Fast Refresh] done in 21ms @ http://localhost:3001/_next/static/chunks/node_modules_next_dist_1e8vcs8._.js:776
[ 1570541ms] [LOG] [Fast Refresh] done in 21ms @ http://localhost:3001/_next/static/chunks/node_modules_next_dist_1e8vcs8._.js:776
[ 1570601ms] [LOG] [Fast Refresh] done in 21ms @ http://localhost:3001/_next/static/chunks/node_modules_next_dist_1e8vcs8._.js:776
[ 1570648ms] [LOG] [Fast Refresh] done in 21ms @ http://localhost:3001/_next/static/chunks/node_modules_next_dist_1e8vcs8._.js:776
[ 1570709ms] [LOG] [Fast Refresh] done in 21ms @ http://localhost:3001/_next/static/chunks/node_modules_next_dist_1e8vcs8._.js:776
[ 1570773ms] [LOG] [Fast Refresh] done in 21ms @ http://localhost:3001/_next/static/chunks/node_modules_next_dist_1e8vcs8._.js:776
[ 1570834ms] [LOG] [Fast Refresh] done in 21ms @ http://localhost:3001/_next/static/chunks/node_modules_next_dist_1e8vcs8._.js:776
[ 1570897ms] [LOG] [Fast Refresh] done in 21ms @ http://localhost:3001/_next/static/chunks/node_modules_next_dist_1e8vcs8._.js:776
[ 1570959ms] [LOG] [Fast Refresh] done in 21ms @ http://localhost:3001/_next/static/chunks/node_modules_next_dist_1e8vcs8._.js:776
[ 1571021ms] [LOG] [Fast Refresh] done in 21ms @ http://localhost:3001/_next/static/chunks/node_modules_next_dist_1e8vcs8._.js:776
[ 1571083ms] [LOG] [Fast Refresh] done in 21ms @ http://localhost:3001/_next/static/chunks/node_modules_next_dist_1e8vcs8._.js:776
[ 1571146ms] [LOG] [Fast Refresh] done in 21ms @ http://localhost:3001/_next/static/chunks/node_modules_next_dist_1e8vcs8._.js:776
[ 1571209ms] [LOG] [Fast Refresh] done in 21ms @ http://localhost:3001/_next/static/chunks/node_modules_next_dist_1e8vcs8._.js:776
[ 1571270ms] [LOG] [Fast Refresh] done in 21ms @ http://localhost:3001/_next/static/chunks/node_modules_next_dist_1e8vcs8._.js:776
[ 1571332ms] [LOG] [Fast Refresh] done in 21ms @ http://localhost:3001/_next/static/chunks/node_modules_next_dist_1e8vcs8._.js:776
[ 1571394ms] [LOG] [Fast Refresh] done in 21ms @ http://localhost:3001/_next/static/chunks/node_modules_next_dist_1e8vcs8._.js:776
[ 1571441ms] [LOG] [Fast Refresh] done in 21ms @ http://localhost:3001/_next/static/chunks/node_modules_next_dist_1e8vcs8._.js:776
[ 1571487ms] [LOG] [Fast Refresh] done in 21ms @ http://localhost:3001/_next/static/chunks/node_modules_next_dist_1e8vcs8._.js:776
[ 1571548ms] [LOG] [Fast Refresh] done in 21ms @ http://localhost:3001/_next/static/chunks/node_modules_next_dist_1e8vcs8._.js:776
[ 1571609ms] [LOG] [Fast Refresh] done in 21ms @ http://localhost:3001/_next/static/chunks/node_modules_next_dist_1e8vcs8._.js:776
[ 1571669ms] [LOG] [Fast Refresh] done in 21ms @ http://localhost:3001/_next/static/chunks/node_modules_next_dist_1e8vcs8._.js:776
[ 1571730ms] [LOG] [Fast Refresh] done in 21ms @ http://localhost:3001/_next/static/chunks/node_modules_next_dist_1e8vcs8._.js:776
[ 1571792ms] [LOG] [Fast Refresh] done in 21ms @ http://localhost:3001/_next/static/chunks/node_modules_next_dist_1e8vcs8._.js:776
[ 1571853ms] [LOG] [Fast Refresh] done in 21ms @ http://localhost:3001/_next/static/chunks/node_modules_next_dist_1e8vcs8._.js:776
[ 1571914ms] [LOG] [Fast Refresh] done in 21ms @ http://localhost:3001/_next/static/chunks/node_modules_next_dist_1e8vcs8._.js:776
[ 1571962ms] [LOG] [Fast Refresh] done in 21ms @ http://localhost:3001/_next/static/chunks/node_modules_next_dist_1e8vcs8._.js:776
[ 1572023ms] [LOG] [Fast Refresh] done in 21ms @ http://localhost:3001/_next/static/chunks/node_modules_next_dist_1e8vcs8._.js:776
[ 1572084ms] [LOG] [Fast Refresh] done in 21ms @ http://localhost:3001/_next/static/chunks/node_modules_next_dist_1e8vcs8._.js:776
[ 1572144ms] [LOG] [Fast Refresh] done in 21ms @ http://localhost:3001/_next/static/chunks/node_modules_next_dist_1e8vcs8._.js:776
[ 1572206ms] [LOG] [Fast Refresh] done in 21ms @ http://localhost:3001/_next/static/chunks/node_modules_next_dist_1e8vcs8._.js:776
[ 1572267ms] [LOG] [Fast Refresh] done in 21ms @ http://localhost:3001/_next/static/chunks/node_modules_next_dist_1e8vcs8._.js:776
[ 1572329ms] [LOG] [Fast Refresh] done in 21ms @ http://localhost:3001/_next/static/chunks/node_modules_next_dist_1e8vcs8._.js:776
[ 1572390ms] [LOG] [Fast Refresh] done in 21ms @ http://localhost:3001/_next/static/chunks/node_modules_next_dist_1e8vcs8._.js:776
[ 1572451ms] [LOG] [Fast Refresh] done in 21ms @ http://localhost:3001/_next/static/chunks/node_modules_next_dist_1e8vcs8._.js:776
[ 1572514ms] [LOG] [Fast Refresh] done in 21ms @ http://localhost:3001/_next/static/chunks/node_modules_next_dist_1e8vcs8._.js:776
[ 1572575ms] [LOG] [Fast Refresh] done in 21ms @ http://localhost:3001/_next/static/chunks/node_modules_next_dist_1e8vcs8._.js:776
[ 1572622ms] [LOG] [Fast Refresh] done in 21ms @ http://localhost:3001/_next/static/chunks/node_modules_next_dist_1e8vcs8._.js:776
[ 1572685ms] [LOG] [Fast Refresh] done in 21ms @ http://localhost:3001/_next/static/chunks/node_modules_next_dist_1e8vcs8._.js:776
[ 1572746ms] [LOG] [Fast Refresh] done in 21ms @ http://localhost:3001/_next/static/chunks/node_modules_next_dist_1e8vcs8._.js:776
[ 1572808ms] [LOG] [Fast Refresh] done in 21ms @ http://localhost:3001/_next/static/chunks/node_modules_next_dist_1e8vcs8._.js:776
[ 1572870ms] [LOG] [Fast Refresh] done in 21ms @ http://localhost:3001/_next/static/chunks/node_modules_next_dist_1e8vcs8._.js:776
[ 1572919ms] [LOG] [Fast Refresh] done in 21ms @ http://localhost:3001/_next/static/chunks/node_modules_next_dist_1e8vcs8._.js:776
[ 1572977ms] [LOG] [Fast Refresh] done in 21ms @ http://localhost:3001/_next/static/chunks/node_modules_next_dist_1e8vcs8._.js:776
[ 1573039ms] [LOG] [Fast Refresh] done in 21ms @ http://localhost:3001/_next/static/chunks/node_modules_next_dist_1e8vcs8._.js:776
[ 1573086ms] [LOG] [Fast Refresh] done in 21ms @ http://localhost:3001/_next/static/chunks/node_modules_next_dist_1e8vcs8._.js:776
[ 1573148ms] [LOG] [Fast Refresh] done in 21ms @ http://localhost:3001/_next/static/chunks/node_modules_next_dist_1e8vcs8._.js:776
[ 1573209ms] [LOG] [Fast Refresh] done in 21ms @ http://localhost:3001/_next/static/chunks/node_modules_next_dist_1e8vcs8._.js:776
[ 1573270ms] [LOG] [Fast Refresh] done in 21ms @ http://localhost:3001/_next/static/chunks/node_modules_next_dist_1e8vcs8._.js:776
[ 1573332ms] [LOG] [Fast Refresh] done in 21ms @ http://localhost:3001/_next/static/chunks/node_modules_next_dist_1e8vcs8._.js:776
[ 1573393ms] [LOG] [Fast Refresh] done in 21ms @ http://localhost:3001/_next/static/chunks/node_modules_next_dist_1e8vcs8._.js:776
[ 1573454ms] [LOG] [Fast Refresh] done in 21ms @ http://localhost:3001/_next/static/chunks/node_modules_next_dist_1e8vcs8._.js:776
[ 1573514ms] [LOG] [Fast Refresh] done in 21ms @ http://localhost:3001/_next/static/chunks/node_modules_next_dist_1e8vcs8._.js:776
[ 1573575ms] [LOG] [Fast Refresh] done in 21ms @ http://localhost:3001/_next/static/chunks/node_modules_next_dist_1e8vcs8._.js:776
[ 1573636ms] [LOG] [Fast Refresh] done in 21ms @ http://localhost:3001/_next/static/chunks/node_modules_next_dist_1e8vcs8._.js:776
[ 1573698ms] [LOG] [Fast Refresh] done in 21ms @ http://localhost:3001/_next/static/chunks/node_modules_next_dist_1e8vcs8._.js:776
[ 1573760ms] [LOG] [Fast Refresh] done in 21ms @ http://localhost:3001/_next/static/chunks/node_modules_next_dist_1e8vcs8._.js:776
[ 1573821ms] [LOG] [Fast Refresh] done in 21ms @ http://localhost:3001/_next/static/chunks/node_modules_next_dist_1e8vcs8._.js:776
[ 1573883ms] [LOG] [Fast Refresh] done in 21ms @ http://localhost:3001/_next/static/chunks/node_modules_next_dist_1e8vcs8._.js:776
[ 1573944ms] [LOG] [Fast Refresh] done in 21ms @ http://localhost:3001/_next/static/chunks/node_modules_next_dist_1e8vcs8._.js:776
[ 1574007ms] [LOG] [Fast Refresh] done in 21ms @ http://localhost:3001/_next/static/chunks/node_modules_next_dist_1e8vcs8._.js:776
[ 1574067ms] [LOG] [Fast Refresh] done in 21ms @ http://localhost:3001/_next/static/chunks/node_modules_next_dist_1e8vcs8._.js:776
[ 1574127ms] [LOG] [Fast Refresh] done in 21ms @ http://localhost:3001/_next/static/chunks/node_modules_next_dist_1e8vcs8._.js:776
[ 1574189ms] [LOG] [Fast Refresh] done in 21ms @ http://localhost:3001/_next/static/chunks/node_modules_next_dist_1e8vcs8._.js:776
[ 1574250ms] [LOG] [Fast Refresh] done in 21ms @ http://localhost:3001/_next/static/chunks/node_modules_next_dist_1e8vcs8._.js:776
[ 1574311ms] [LOG] [Fast Refresh] done in 21ms @ http://localhost:3001/_next/static/chunks/node_modules_next_dist_1e8vcs8._.js:776
[ 1574372ms] [LOG] [Fast Refresh] done in 21ms @ http://localhost:3001/_next/static/chunks/node_modules_next_dist_1e8vcs8._.js:776
[ 1574434ms] [LOG] [Fast Refresh] done in 21ms @ http://localhost:3001/_next/static/chunks/node_modules_next_dist_1e8vcs8._.js:776
[ 1574495ms] [LOG] [Fast Refresh] done in 21ms @ http://localhost:3001/_next/static/chunks/node_modules_next_dist_1e8vcs8._.js:776
[ 1574542ms] [LOG] [Fast Refresh] done in 21ms @ http://localhost:3001/_next/static/chunks/node_modules_next_dist_1e8vcs8._.js:776
[ 1574602ms] [LOG] [Fast Refresh] done in 21ms @ http://localhost:3001/_next/static/chunks/node_modules_next_dist_1e8vcs8._.js:776
[ 1574662ms] [LOG] [Fast Refresh] done in 21ms @ http://localhost:3001/_next/static/chunks/node_modules_next_dist_1e8vcs8._.js:776
[ 1574724ms] [LOG] [Fast Refresh] done in 21ms @ http://localhost:3001/_next/static/chunks/node_modules_next_dist_1e8vcs8._.js:776
[ 1574770ms] [LOG] [Fast Refresh] done in 21ms @ http://localhost:3001/_next/static/chunks/node_modules_next_dist_1e8vcs8._.js:776
[ 1574831ms] [LOG] [Fast Refresh] done in 21ms @ http://localhost:3001/_next/static/chunks/node_modules_next_dist_1e8vcs8._.js:776
[ 1574892ms] [LOG] [Fast Refresh] done in 21ms @ http://localhost:3001/_next/static/chunks/node_modules_next_dist_1e8vcs8._.js:776
[ 1574952ms] [LOG] [Fast Refresh] done in 21ms @ http://localhost:3001/_next/static/chunks/node_modules_next_dist_1e8vcs8._.js:776
[ 1575015ms] [LOG] [Fast Refresh] done in 21ms @ http://localhost:3001/_next/static/chunks/node_modules_next_dist_1e8vcs8._.js:776
[ 1575075ms] [LOG] [Fast Refresh] done in 21ms @ http://localhost:3001/_next/static/chunks/node_modules_next_dist_1e8vcs8._.js:776
[ 1575138ms] [LOG] [Fast Refresh] done in 21ms @ http://localhost:3001/_next/static/chunks/node_modules_next_dist_1e8vcs8._.js:776
[ 1575184ms] [LOG] [Fast Refresh] done in 21ms @ http://localhost:3001/_next/static/chunks/node_modules_next_dist_1e8vcs8._.js:776
[ 1575245ms] [LOG] [Fast Refresh] done in 21ms @ http://localhost:3001/_next/static/chunks/node_modules_next_dist_1e8vcs8._.js:776
[ 1575292ms] [LOG] [Fast Refresh] done in 21ms @ http://localhost:3001/_next/static/chunks/node_modules_next_dist_1e8vcs8._.js:776
[ 1575339ms] [LOG] [Fast Refresh] done in 21ms @ http://localhost:3001/_next/static/chunks/node_modules_next_dist_1e8vcs8._.js:776
[ 1575402ms] [LOG] [Fast Refresh] done in 21ms @ http://localhost:3001/_next/static/chunks/node_modules_next_dist_1e8vcs8._.js:776
[ 1575464ms] [LOG] [Fast Refresh] done in 21ms @ http://localhost:3001/_next/static/chunks/node_modules_next_dist_1e8vcs8._.js:776
[ 1575524ms] [LOG] [Fast Refresh] done in 21ms @ http://localhost:3001/_next/static/chunks/node_modules_next_dist_1e8vcs8._.js:776
[ 1575587ms] [LOG] [Fast Refresh] done in 21ms @ http://localhost:3001/_next/static/chunks/node_modules_next_dist_1e8vcs8._.js:776
[ 1575649ms] [LOG] [Fast Refresh] done in 21ms @ http://localhost:3001/_next/static/chunks/node_modules_next_dist_1e8vcs8._.js:776
[ 1575711ms] [LOG] [Fast Refresh] done in 21ms @ http://localhost:3001/_next/static/chunks/node_modules_next_dist_1e8vcs8._.js:776
[ 1575773ms] [LOG] [Fast Refresh] done in 21ms @ http://localhost:3001/_next/static/chunks/node_modules_next_dist_1e8vcs8._.js:776
[ 1575834ms] [LOG] [Fast Refresh] done in 21ms @ http://localhost:3001/_next/static/chunks/node_modules_next_dist_1e8vcs8._.js:776
[ 1575895ms] [LOG] [Fast Refresh] done in 21ms @ http://localhost:3001/_next/static/chunks/node_modules_next_dist_1e8vcs8._.js:776
[ 1575957ms] [LOG] [Fast Refresh] done in 21ms @ http://localhost:3001/_next/static/chunks/node_modules_next_dist_1e8vcs8._.js:776
[ 1576019ms] [LOG] [Fast Refresh] done in 21ms @ http://localhost:3001/_next/static/chunks/node_modules_next_dist_1e8vcs8._.js:776
[ 1576067ms] [LOG] [Fast Refresh] done in 21ms @ http://localhost:3001/_next/static/chunks/node_modules_next_dist_1e8vcs8._.js:776
[ 1576128ms] [LOG] [Fast Refresh] done in 21ms @ http://localhost:3001/_next/static/chunks/node_modules_next_dist_1e8vcs8._.js:776
[ 1576189ms] [LOG] [Fast Refresh] done in 21ms @ http://localhost:3001/_next/static/chunks/node_modules_next_dist_1e8vcs8._.js:776
[ 1576251ms] [LOG] [Fast Refresh] done in 21ms @ http://localhost:3001/_next/static/chunks/node_modules_next_dist_1e8vcs8._.js:776
[ 1576311ms] [LOG] [Fast Refresh] done in 21ms @ http://localhost:3001/_next/static/chunks/node_modules_next_dist_1e8vcs8._.js:776
[ 1576380ms] [LOG] [Fast Refresh] done in 21ms @ http://localhost:3001/_next/static/chunks/node_modules_next_dist_1e8vcs8._.js:776
[ 1576433ms] [LOG] [Fast Refresh] done in 21ms @ http://localhost:3001/_next/static/chunks/node_modules_next_dist_1e8vcs8._.js:776
[ 1576479ms] [LOG] [Fast Refresh] done in 21ms @ http://localhost:3001/_next/static/chunks/node_modules_next_dist_1e8vcs8._.js:776
[ 1576540ms] [LOG] [Fast Refresh] done in 21ms @ http://localhost:3001/_next/static/chunks/node_modules_next_dist_1e8vcs8._.js:776
[ 1576601ms] [LOG] [Fast Refresh] done in 21ms @ http://localhost:3001/_next/static/chunks/node_modules_next_dist_1e8vcs8._.js:776
[ 1576661ms] [LOG] [Fast Refresh] done in 21ms @ http://localhost:3001/_next/static/chunks/node_modules_next_dist_1e8vcs8._.js:776
[ 1576723ms] [LOG] [Fast Refresh] done in 21ms @ http://localhost:3001/_next/static/chunks/node_modules_next_dist_1e8vcs8._.js:776
[ 1576785ms] [LOG] [Fast Refresh] done in 21ms @ http://localhost:3001/_next/static/chunks/node_modules_next_dist_1e8vcs8._.js:776
[ 1576832ms] [LOG] [Fast Refresh] done in 21ms @ http://localhost:3001/_next/static/chunks/node_modules_next_dist_1e8vcs8._.js:776
[ 1576878ms] [LOG] [Fast Refresh] done in 21ms @ http://localhost:3001/_next/static/chunks/node_modules_next_dist_1e8vcs8._.js:776
[ 1576925ms] [LOG] [Fast Refresh] done in 21ms @ http://localhost:3001/_next/static/chunks/node_modules_next_dist_1e8vcs8._.js:776
[ 1576985ms] [LOG] [Fast Refresh] done in 21ms @ http://localhost:3001/_next/static/chunks/node_modules_next_dist_1e8vcs8._.js:776
[ 1577045ms] [LOG] [Fast Refresh] done in 21ms @ http://localhost:3001/_next/static/chunks/node_modules_next_dist_1e8vcs8._.js:776
[ 1577092ms] [LOG] [Fast Refresh] done in 21ms @ http://localhost:3001/_next/static/chunks/node_modules_next_dist_1e8vcs8._.js:776
[ 1577154ms] [LOG] [Fast Refresh] done in 21ms @ http://localhost:3001/_next/static/chunks/node_modules_next_dist_1e8vcs8._.js:776
[ 1577214ms] [LOG] [Fast Refresh] done in 21ms @ http://localhost:3001/_next/static/chunks/node_modules_next_dist_1e8vcs8._.js:776
[ 1577275ms] [LOG] [Fast Refresh] done in 21ms @ http://localhost:3001/_next/static/chunks/node_modules_next_dist_1e8vcs8._.js:776
[ 1577337ms] [LOG] [Fast Refresh] done in 21ms @ http://localhost:3001/_next/static/chunks/node_modules_next_dist_1e8vcs8._.js:776
[ 1577398ms] [LOG] [Fast Refresh] done in 21ms @ http://localhost:3001/_next/static/chunks/node_modules_next_dist_1e8vcs8._.js:776
[ 1577446ms] [LOG] [Fast Refresh] done in 21ms @ http://localhost:3001/_next/static/chunks/node_modules_next_dist_1e8vcs8._.js:776
[ 1577508ms] [LOG] [Fast Refresh] done in 21ms @ http://localhost:3001/_next/static/chunks/node_modules_next_dist_1e8vcs8._.js:776
[ 1577569ms] [LOG] [Fast Refresh] done in 21ms @ http://localhost:3001/_next/static/chunks/node_modules_next_dist_1e8vcs8._.js:776
[ 1577630ms] [LOG] [Fast Refresh] done in 21ms @ http://localhost:3001/_next/static/chunks/node_modules_next_dist_1e8vcs8._.js:776
[ 1577678ms] [LOG] [Fast Refresh] done in 21ms @ http://localhost:3001/_next/static/chunks/node_modules_next_dist_1e8vcs8._.js:776
[ 1577740ms] [LOG] [Fast Refresh] done in 21ms @ http://localhost:3001/_next/static/chunks/node_modules_next_dist_1e8vcs8._.js:776
[ 1577801ms] [LOG] [Fast Refresh] done in 21ms @ http://localhost:3001/_next/static/chunks/node_modules_next_dist_1e8vcs8._.js:776
[ 1577861ms] [LOG] [Fast Refresh] done in 21ms @ http://localhost:3001/_next/static/chunks/node_modules_next_dist_1e8vcs8._.js:776
[ 1577924ms] [LOG] [Fast Refresh] done in 21ms @ http://localhost:3001/_next/static/chunks/node_modules_next_dist_1e8vcs8._.js:776
[ 1577985ms] [LOG] [Fast Refresh] done in 21ms @ http://localhost:3001/_next/static/chunks/node_modules_next_dist_1e8vcs8._.js:776
[ 1578046ms] [LOG] [Fast Refresh] done in 21ms @ http://localhost:3001/_next/static/chunks/node_modules_next_dist_1e8vcs8._.js:776
[ 1578108ms] [LOG] [Fast Refresh] done in 21ms @ http://localhost:3001/_next/static/chunks/node_modules_next_dist_1e8vcs8._.js:776
[ 1578170ms] [LOG] [Fast Refresh] done in 21ms @ http://localhost:3001/_next/static/chunks/node_modules_next_dist_1e8vcs8._.js:776
[ 1578217ms] [LOG] [Fast Refresh] done in 21ms @ http://localhost:3001/_next/static/chunks/node_modules_next_dist_1e8vcs8._.js:776
[ 1578278ms] [LOG] [Fast Refresh] done in 21ms @ http://localhost:3001/_next/static/chunks/node_modules_next_dist_1e8vcs8._.js:776
[ 1578324ms] [LOG] [Fast Refresh] done in 21ms @ http://localhost:3001/_next/static/chunks/node_modules_next_dist_1e8vcs8._.js:776
[ 1578385ms] [LOG] [Fast Refresh] done in 21ms @ http://localhost:3001/_next/static/chunks/node_modules_next_dist_1e8vcs8._.js:776
[ 1578433ms] [LOG] [Fast Refresh] done in 21ms @ http://localhost:3001/_next/static/chunks/node_modules_next_dist_1e8vcs8._.js:776
[ 1578480ms] [LOG] [Fast Refresh] done in 21ms @ http://localhost:3001/_next/static/chunks/node_modules_next_dist_1e8vcs8._.js:776
[ 1578542ms] [LOG] [Fast Refresh] done in 21ms @ http://localhost:3001/_next/static/chunks/node_modules_next_dist_1e8vcs8._.js:776
[ 1578602ms] [LOG] [Fast Refresh] done in 21ms @ http://localhost:3001/_next/static/chunks/node_modules_next_dist_1e8vcs8._.js:776
[ 1578665ms] [LOG] [Fast Refresh] done in 21ms @ http://localhost:3001/_next/static/chunks/node_modules_next_dist_1e8vcs8._.js:776
[ 1578726ms] [LOG] [Fast Refresh] done in 21ms @ http://localhost:3001/_next/static/chunks/node_modules_next_dist_1e8vcs8._.js:776
[ 1578773ms] [LOG] [Fast Refresh] done in 21ms @ http://localhost:3001/_next/static/chunks/node_modules_next_dist_1e8vcs8._.js:776
[ 1578820ms] [LOG] [Fast Refresh] done in 21ms @ http://localhost:3001/_next/static/chunks/node_modules_next_dist_1e8vcs8._.js:776
[ 1578882ms] [LOG] [Fast Refresh] done in 21ms @ http://localhost:3001/_next/static/chunks/node_modules_next_dist_1e8vcs8._.js:776
[ 1578943ms] [LOG] [Fast Refresh] done in 21ms @ http://localhost:3001/_next/static/chunks/node_modules_next_dist_1e8vcs8._.js:776
[ 1578990ms] [LOG] [Fast Refresh] done in 21ms @ http://localhost:3001/_next/static/chunks/node_modules_next_dist_1e8vcs8._.js:776
[ 1579037ms] [LOG] [Fast Refresh] done in 21ms @ http://localhost:3001/_next/static/chunks/node_modules_next_dist_1e8vcs8._.js:776
[ 1579085ms] [LOG] [Fast Refresh] done in 21ms @ http://localhost:3001/_next/static/chunks/node_modules_next_dist_1e8vcs8._.js:776
[ 1579146ms] [LOG] [Fast Refresh] done in 21ms @ http://localhost:3001/_next/static/chunks/node_modules_next_dist_1e8vcs8._.js:776
[ 1579207ms] [LOG] [Fast Refresh] done in 21ms @ http://localhost:3001/_next/static/chunks/node_modules_next_dist_1e8vcs8._.js:776
[ 1579269ms] [LOG] [Fast Refresh] done in 21ms @ http://localhost:3001/_next/static/chunks/node_modules_next_dist_1e8vcs8._.js:776
[ 1579332ms] [LOG] [Fast Refresh] done in 21ms @ http://localhost:3001/_next/static/chunks/node_modules_next_dist_1e8vcs8._.js:776
[ 1579394ms] [LOG] [Fast Refresh] done in 21ms @ http://localhost:3001/_next/static/chunks/node_modules_next_dist_1e8vcs8._.js:776
[ 1579455ms] [LOG] [Fast Refresh] done in 21ms @ http://localhost:3001/_next/static/chunks/node_modules_next_dist_1e8vcs8._.js:776
[ 1579517ms] [LOG] [Fast Refresh] done in 21ms @ http://localhost:3001/_next/static/chunks/node_modules_next_dist_1e8vcs8._.js:776
[ 1579563ms] [LOG] [Fast Refresh] done in 21ms @ http://localhost:3001/_next/static/chunks/node_modules_next_dist_1e8vcs8._.js:776
[ 1579625ms] [LOG] [Fast Refresh] done in 21ms @ http://localhost:3001/_next/static/chunks/node_modules_next_dist_1e8vcs8._.js:776
[ 1579686ms] [LOG] [Fast Refresh] done in 21ms @ http://localhost:3001/_next/static/chunks/node_modules_next_dist_1e8vcs8._.js:776
[ 1579734ms] [LOG] [Fast Refresh] done in 21ms @ http://localhost:3001/_next/static/chunks/node_modules_next_dist_1e8vcs8._.js:776
[ 1579794ms] [LOG] [Fast Refresh] done in 21ms @ http://localhost:3001/_next/static/chunks/node_modules_next_dist_1e8vcs8._.js:776
[ 1579857ms] [LOG] [Fast Refresh] done in 21ms @ http://localhost:3001/_next/static/chunks/node_modules_next_dist_1e8vcs8._.js:776
[ 1579917ms] [LOG] [Fast Refresh] done in 21ms @ http://localhost:3001/_next/static/chunks/node_modules_next_dist_1e8vcs8._.js:776
[ 1579978ms] [LOG] [Fast Refresh] done in 21ms @ http://localhost:3001/_next/static/chunks/node_modules_next_dist_1e8vcs8._.js:776
[ 1580039ms] [LOG] [Fast Refresh] done in 21ms @ http://localhost:3001/_next/static/chunks/node_modules_next_dist_1e8vcs8._.js:776
[ 1580100ms] [LOG] [Fast Refresh] done in 21ms @ http://localhost:3001/_next/static/chunks/node_modules_next_dist_1e8vcs8._.js:776
[ 1580146ms] [LOG] [Fast Refresh] done in 21ms @ http://localhost:3001/_next/static/chunks/node_modules_next_dist_1e8vcs8._.js:776
[ 1580193ms] [LOG] [Fast Refresh] done in 21ms @ http://localhost:3001/_next/static/chunks/node_modules_next_dist_1e8vcs8._.js:776
[ 1580240ms] [LOG] [Fast Refresh] done in 21ms @ http://localhost:3001/_next/static/chunks/node_modules_next_dist_1e8vcs8._.js:776
[ 1580300ms] [LOG] [Fast Refresh] done in 21ms @ http://localhost:3001/_next/static/chunks/node_modules_next_dist_1e8vcs8._.js:776
[ 1580362ms] [LOG] [Fast Refresh] done in 21ms @ http://localhost:3001/_next/static/chunks/node_modules_next_dist_1e8vcs8._.js:776
[ 1580423ms] [LOG] [Fast Refresh] done in 21ms @ http://localhost:3001/_next/static/chunks/node_modules_next_dist_1e8vcs8._.js:776
[ 1580484ms] [LOG] [Fast Refresh] done in 21ms @ http://localhost:3001/_next/static/chunks/node_modules_next_dist_1e8vcs8._.js:776
[ 1580546ms] [LOG] [Fast Refresh] done in 21ms @ http://localhost:3001/_next/static/chunks/node_modules_next_dist_1e8vcs8._.js:776
[ 1580607ms] [LOG] [Fast Refresh] done in 21ms @ http://localhost:3001/_next/static/chunks/node_modules_next_dist_1e8vcs8._.js:776
[ 1580668ms] [LOG] [Fast Refresh] done in 21ms @ http://localhost:3001/_next/static/chunks/node_modules_next_dist_1e8vcs8._.js:776
[ 1580729ms] [LOG] [Fast Refresh] done in 21ms @ http://localhost:3001/_next/static/chunks/node_modules_next_dist_1e8vcs8._.js:776
[ 1580791ms] [LOG] [Fast Refresh] done in 21ms @ http://localhost:3001/_next/static/chunks/node_modules_next_dist_1e8vcs8._.js:776
[ 1580851ms] [LOG] [Fast Refresh] done in 21ms @ http://localhost:3001/_next/static/chunks/node_modules_next_dist_1e8vcs8._.js:776
[ 1580913ms] [LOG] [Fast Refresh] done in 21ms @ http://localhost:3001/_next/static/chunks/node_modules_next_dist_1e8vcs8._.js:776
[ 1580960ms] [LOG] [Fast Refresh] done in 21ms @ http://localhost:3001/_next/static/chunks/node_modules_next_dist_1e8vcs8._.js:776
[ 1581021ms] [LOG] [Fast Refresh] done in 21ms @ http://localhost:3001/_next/static/chunks/node_modules_next_dist_1e8vcs8._.js:776
[ 1581115ms] [LOG] [Fast Refresh] done in 21ms @ http://localhost:3001/_next/static/chunks/node_modules_next_dist_1e8vcs8._.js:776
[ 1581178ms] [LOG] [Fast Refresh] done in 21ms @ http://localhost:3001/_next/static/chunks/node_modules_next_dist_1e8vcs8._.js:776
[ 1581239ms] [LOG] [Fast Refresh] done in 21ms @ http://localhost:3001/_next/static/chunks/node_modules_next_dist_1e8vcs8._.js:776
[ 1581302ms] [LOG] [Fast Refresh] done in 21ms @ http://localhost:3001/_next/static/chunks/node_modules_next_dist_1e8vcs8._.js:776
[ 1581348ms] [LOG] [Fast Refresh] done in 21ms @ http://localhost:3001/_next/static/chunks/node_modules_next_dist_1e8vcs8._.js:776
[ 1581396ms] [LOG] [Fast Refresh] done in 21ms @ http://localhost:3001/_next/static/chunks/node_modules_next_dist_1e8vcs8._.js:776
[ 1581459ms] [LOG] [Fast Refresh] done in 21ms @ http://localhost:3001/_next/static/chunks/node_modules_next_dist_1e8vcs8._.js:776
[ 1581520ms] [LOG] [Fast Refresh] done in 21ms @ http://localhost:3001/_next/static/chunks/node_modules_next_dist_1e8vcs8._.js:776
[ 1581587ms] [LOG] [Fast Refresh] done in 21ms @ http://localhost:3001/_next/static/chunks/node_modules_next_dist_1e8vcs8._.js:776
[ 1581655ms] [INFO] %cDownload the React DevTools for a better development experience: https://react.dev/link/react-devtools font-weight:bold @ http://localhost:3001/_next/static/chunks/node_modules_next_dist_1e8vcs8._.js:776
[ 1581670ms] [LOG] [HMR] connected @ http://localhost:3001/_next/static/chunks/node_modules_next_dist_1e8vcs8._.js:776
[ 1586742ms] [WARNING] Image with src "/project-figma-agent.png" was detected as the Largest Contentful Paint (LCP). Please add the `loading="eager"` property if this image is above the fold.
Read more: https://nextjs.org/docs/app/api-reference/components/image#loading @ http://localhost:3001/_next/static/chunks/node_modules_next_dist_1e8vcs8._.js:776
[ 1590131ms] [INFO] %cDownload the React DevTools for a better development experience: https://react.dev/link/react-devtools font-weight:bold @ http://localhost:3001/_next/static/chunks/node_modules_next_dist_1e8vcs8._.js:776
[ 1590144ms] [LOG] [HMR] connected @ http://localhost:3001/_next/static/chunks/node_modules_next_dist_1e8vcs8._.js:776
[ 1595232ms] [WARNING] Image with src "/project-figma-agent.png" was detected as the Largest Contentful Paint (LCP). Please add the `loading="eager"` property if this image is above the fold.
Read more: https://nextjs.org/docs/app/api-reference/components/image#loading @ http://localhost:3001/_next/static/chunks/node_modules_next_dist_1e8vcs8._.js:776
[ 1598781ms] [INFO] %cDownload the React DevTools for a better development experience: https://react.dev/link/react-devtools font-weight:bold @ http://localhost:3001/_next/static/chunks/node_modules_next_dist_1e8vcs8._.js:776
[ 1598794ms] [LOG] [HMR] connected @ http://localhost:3001/_next/static/chunks/node_modules_next_dist_1e8vcs8._.js:776
[ 1601873ms] [WARNING] Image with src "/project-figma-agent.png" was detected as the Largest Contentful Paint (LCP). Please add the `loading="eager"` property if this image is above the fold.
Read more: https://nextjs.org/docs/app/api-reference/components/image#loading @ http://localhost:3001/_next/static/chunks/node_modules_next_dist_1e8vcs8._.js:776
[ 1670241ms] [LOG] [Fast Refresh] rebuilding @ http://localhost:3001/_next/static/chunks/node_modules_next_dist_1e8vcs8._.js:776
[ 1670316ms] [LOG] [Fast Refresh] done in 20ms @ http://localhost:3001/_next/static/chunks/node_modules_next_dist_1e8vcs8._.js:776
[ 1670369ms] [LOG] [Fast Refresh] done in 20ms @ http://localhost:3001/_next/static/chunks/node_modules_next_dist_1e8vcs8._.js:776
[ 1670430ms] [LOG] [Fast Refresh] done in 20ms @ http://localhost:3001/_next/static/chunks/node_modules_next_dist_1e8vcs8._.js:776
[ 1670490ms] [LOG] [Fast Refresh] done in 20ms @ http://localhost:3001/_next/static/chunks/node_modules_next_dist_1e8vcs8._.js:776
[ 1670551ms] [LOG] [Fast Refresh] done in 20ms @ http://localhost:3001/_next/static/chunks/node_modules_next_dist_1e8vcs8._.js:776
[ 1670611ms] [LOG] [Fast Refresh] done in 20ms @ http://localhost:3001/_next/static/chunks/node_modules_next_dist_1e8vcs8._.js:776
[ 1670674ms] [LOG] [Fast Refresh] done in 20ms @ http://localhost:3001/_next/static/chunks/node_modules_next_dist_1e8vcs8._.js:776
[ 1670734ms] [LOG] [Fast Refresh] done in 20ms @ http://localhost:3001/_next/static/chunks/node_modules_next_dist_1e8vcs8._.js:776
[ 1670794ms] [LOG] [Fast Refresh] done in 20ms @ http://localhost:3001/_next/static/chunks/node_modules_next_dist_1e8vcs8._.js:776
[ 1670855ms] [LOG] [Fast Refresh] done in 20ms @ http://localhost:3001/_next/static/chunks/node_modules_next_dist_1e8vcs8._.js:776
[ 1670916ms] [LOG] [Fast Refresh] done in 20ms @ http://localhost:3001/_next/static/chunks/node_modules_next_dist_1e8vcs8._.js:776
[ 1670978ms] [LOG] [Fast Refresh] done in 20ms @ http://localhost:3001/_next/static/chunks/node_modules_next_dist_1e8vcs8._.js:776
[ 1671025ms] [LOG] [Fast Refresh] done in 20ms @ http://localhost:3001/_next/static/chunks/node_modules_next_dist_1e8vcs8._.js:776
[ 1671074ms] [LOG] [Fast Refresh] done in 20ms @ http://localhost:3001/_next/static/chunks/node_modules_next_dist_1e8vcs8._.js:776
[ 1671138ms] [LOG] [Fast Refresh] done in 20ms @ http://localhost:3001/_next/static/chunks/node_modules_next_dist_1e8vcs8._.js:776
[ 1671195ms] [LOG] [Fast Refresh] done in 20ms @ http://localhost:3001/_next/static/chunks/node_modules_next_dist_1e8vcs8._.js:776
[ 1671291ms] [LOG] [Fast Refresh] done in 20ms @ http://localhost:3001/_next/static/chunks/node_modules_next_dist_1e8vcs8._.js:776
[ 1671348ms] [LOG] [Fast Refresh] done in 20ms @ http://localhost:3001/_next/static/chunks/node_modules_next_dist_1e8vcs8._.js:776
[ 1671411ms] [LOG] [Fast Refresh] done in 20ms @ http://localhost:3001/_next/static/chunks/node_modules_next_dist_1e8vcs8._.js:776
[ 1671471ms] [LOG] [Fast Refresh] done in 20ms @ http://localhost:3001/_next/static/chunks/node_modules_next_dist_1e8vcs8._.js:776
[ 1671532ms] [LOG] [Fast Refresh] done in 20ms @ http://localhost:3001/_next/static/chunks/node_modules_next_dist_1e8vcs8._.js:776
[ 1671594ms] [LOG] [Fast Refresh] done in 20ms @ http://localhost:3001/_next/static/chunks/node_modules_next_dist_1e8vcs8._.js:776
[ 1671640ms] [LOG] [Fast Refresh] done in 20ms @ http://localhost:3001/_next/static/chunks/node_modules_next_dist_1e8vcs8._.js:776
[ 1671702ms] [LOG] [Fast Refresh] done in 20ms @ http://localhost:3001/_next/static/chunks/node_modules_next_dist_1e8vcs8._.js:776
[ 1671762ms] [LOG] [Fast Refresh] done in 20ms @ http://localhost:3001/_next/static/chunks/node_modules_next_dist_1e8vcs8._.js:776
[ 1671823ms] [LOG] [Fast Refresh] done in 20ms @ http://localhost:3001/_next/static/chunks/node_modules_next_dist_1e8vcs8._.js:776
[ 1671869ms] [LOG] [Fast Refresh] done in 20ms @ http://localhost:3001/_next/static/chunks/node_modules_next_dist_1e8vcs8._.js:776
[ 1671933ms] [LOG] [Fast Refresh] done in 20ms @ http://localhost:3001/_next/static/chunks/node_modules_next_dist_1e8vcs8._.js:776
[ 1671996ms] [LOG] [Fast Refresh] done in 20ms @ http://localhost:3001/_next/static/chunks/node_modules_next_dist_1e8vcs8._.js:776
[ 1672057ms] [LOG] [Fast Refresh] done in 20ms @ http://localhost:3001/_next/static/chunks/node_modules_next_dist_1e8vcs8._.js:776
[ 1672118ms] [LOG] [Fast Refresh] done in 20ms @ http://localhost:3001/_next/static/chunks/node_modules_next_dist_1e8vcs8._.js:776
[ 1672178ms] [LOG] [Fast Refresh] done in 20ms @ http://localhost:3001/_next/static/chunks/node_modules_next_dist_1e8vcs8._.js:776
[ 1672240ms] [LOG] [Fast Refresh] done in 20ms @ http://localhost:3001/_next/static/chunks/node_modules_next_dist_1e8vcs8._.js:776
[ 1672301ms] [LOG] [Fast Refresh] done in 20ms @ http://localhost:3001/_next/static/chunks/node_modules_next_dist_1e8vcs8._.js:776
[ 1672361ms] [LOG] [Fast Refresh] done in 20ms @ http://localhost:3001/_next/static/chunks/node_modules_next_dist_1e8vcs8._.js:776
[ 1672423ms] [LOG] [Fast Refresh] done in 20ms @ http://localhost:3001/_next/static/chunks/node_modules_next_dist_1e8vcs8._.js:776
[ 1672484ms] [LOG] [Fast Refresh] done in 20ms @ http://localhost:3001/_next/static/chunks/node_modules_next_dist_1e8vcs8._.js:776
[ 1672531ms] [LOG] [Fast Refresh] done in 20ms @ http://localhost:3001/_next/static/chunks/node_modules_next_dist_1e8vcs8._.js:776
[ 1672594ms] [LOG] [Fast Refresh] done in 20ms @ http://localhost:3001/_next/static/chunks/node_modules_next_dist_1e8vcs8._.js:776
[ 1672657ms] [LOG] [Fast Refresh] done in 20ms @ http://localhost:3001/_next/static/chunks/node_modules_next_dist_1e8vcs8._.js:776
[ 1672719ms] [LOG] [Fast Refresh] done in 20ms @ http://localhost:3001/_next/static/chunks/node_modules_next_dist_1e8vcs8._.js:776
[ 1672779ms] [LOG] [Fast Refresh] done in 20ms @ http://localhost:3001/_next/static/chunks/node_modules_next_dist_1e8vcs8._.js:776
[ 1672841ms] [LOG] [Fast Refresh] done in 20ms @ http://localhost:3001/_next/static/chunks/node_modules_next_dist_1e8vcs8._.js:776
[ 1672888ms] [LOG] [Fast Refresh] done in 20ms @ http://localhost:3001/_next/static/chunks/node_modules_next_dist_1e8vcs8._.js:776
[ 1672949ms] [LOG] [Fast Refresh] done in 20ms @ http://localhost:3001/_next/static/chunks/node_modules_next_dist_1e8vcs8._.js:776
[ 1673009ms] [LOG] [Fast Refresh] done in 20ms @ http://localhost:3001/_next/static/chunks/node_modules_next_dist_1e8vcs8._.js:776
[ 1673071ms] [LOG] [Fast Refresh] done in 20ms @ http://localhost:3001/_next/static/chunks/node_modules_next_dist_1e8vcs8._.js:776
[ 1673117ms] [LOG] [Fast Refresh] done in 20ms @ http://localhost:3001/_next/static/chunks/node_modules_next_dist_1e8vcs8._.js:776
[ 1673180ms] [LOG] [Fast Refresh] done in 20ms @ http://localhost:3001/_next/static/chunks/node_modules_next_dist_1e8vcs8._.js:776
[ 1673240ms] [LOG] [Fast Refresh] done in 20ms @ http://localhost:3001/_next/static/chunks/node_modules_next_dist_1e8vcs8._.js:776
[ 1673301ms] [LOG] [Fast Refresh] done in 20ms @ http://localhost:3001/_next/static/chunks/node_modules_next_dist_1e8vcs8._.js:776
[ 1673363ms] [LOG] [Fast Refresh] done in 20ms @ http://localhost:3001/_next/static/chunks/node_modules_next_dist_1e8vcs8._.js:776
[ 1673425ms] [LOG] [Fast Refresh] done in 20ms @ http://localhost:3001/_next/static/chunks/node_modules_next_dist_1e8vcs8._.js:776
[ 1673486ms] [LOG] [Fast Refresh] done in 20ms @ http://localhost:3001/_next/static/chunks/node_modules_next_dist_1e8vcs8._.js:776
[ 1673548ms] [LOG] [Fast Refresh] done in 20ms @ http://localhost:3001/_next/static/chunks/node_modules_next_dist_1e8vcs8._.js:776
[ 1673608ms] [LOG] [Fast Refresh] done in 20ms @ http://localhost:3001/_next/static/chunks/node_modules_next_dist_1e8vcs8._.js:776
[ 1673688ms] [LOG] [Fast Refresh] done in 20ms @ http://localhost:3001/_next/static/chunks/node_modules_next_dist_1e8vcs8._.js:776
[ 1673749ms] [LOG] [Fast Refresh] done in 20ms @ http://localhost:3001/_next/static/chunks/node_modules_next_dist_1e8vcs8._.js:776
[ 1673810ms] [LOG] [Fast Refresh] done in 20ms @ http://localhost:3001/_next/static/chunks/node_modules_next_dist_1e8vcs8._.js:776
[ 1673856ms] [LOG] [Fast Refresh] done in 20ms @ http://localhost:3001/_next/static/chunks/node_modules_next_dist_1e8vcs8._.js:776
[ 1673904ms] [LOG] [Fast Refresh] done in 20ms @ http://localhost:3001/_next/static/chunks/node_modules_next_dist_1e8vcs8._.js:776
[ 1673964ms] [LOG] [Fast Refresh] done in 20ms @ http://localhost:3001/_next/static/chunks/node_modules_next_dist_1e8vcs8._.js:776
[ 1674024ms] [LOG] [Fast Refresh] done in 20ms @ http://localhost:3001/_next/static/chunks/node_modules_next_dist_1e8vcs8._.js:776
[ 1674086ms] [LOG] [Fast Refresh] done in 20ms @ http://localhost:3001/_next/static/chunks/node_modules_next_dist_1e8vcs8._.js:776
[ 1674147ms] [LOG] [Fast Refresh] done in 20ms @ http://localhost:3001/_next/static/chunks/node_modules_next_dist_1e8vcs8._.js:776
[ 1674210ms] [LOG] [Fast Refresh] done in 20ms @ http://localhost:3001/_next/static/chunks/node_modules_next_dist_1e8vcs8._.js:776
[ 1674270ms] [LOG] [Fast Refresh] done in 20ms @ http://localhost:3001/_next/static/chunks/node_modules_next_dist_1e8vcs8._.js:776
[ 1674332ms] [LOG] [Fast Refresh] done in 20ms @ http://localhost:3001/_next/static/chunks/node_modules_next_dist_1e8vcs8._.js:776
[ 1674394ms] [LOG] [Fast Refresh] done in 20ms @ http://localhost:3001/_next/static/chunks/node_modules_next_dist_1e8vcs8._.js:776
[ 1674455ms] [LOG] [Fast Refresh] done in 20ms @ http://localhost:3001/_next/static/chunks/node_modules_next_dist_1e8vcs8._.js:776
[ 1674515ms] [LOG] [Fast Refresh] done in 20ms @ http://localhost:3001/_next/static/chunks/node_modules_next_dist_1e8vcs8._.js:776
[ 1674575ms] [LOG] [Fast Refresh] done in 20ms @ http://localhost:3001/_next/static/chunks/node_modules_next_dist_1e8vcs8._.js:776
[ 1674622ms] [LOG] [Fast Refresh] done in 20ms @ http://localhost:3001/_next/static/chunks/node_modules_next_dist_1e8vcs8._.js:776
[ 1674683ms] [LOG] [Fast Refresh] done in 20ms @ http://localhost:3001/_next/static/chunks/node_modules_next_dist_1e8vcs8._.js:776
[ 1674730ms] [LOG] [Fast Refresh] done in 20ms @ http://localhost:3001/_next/static/chunks/node_modules_next_dist_1e8vcs8._.js:776
[ 1674793ms] [LOG] [Fast Refresh] done in 20ms @ http://localhost:3001/_next/static/chunks/node_modules_next_dist_1e8vcs8._.js:776
[ 1674855ms] [LOG] [Fast Refresh] done in 20ms @ http://localhost:3001/_next/static/chunks/node_modules_next_dist_1e8vcs8._.js:776
[ 1674901ms] [LOG] [Fast Refresh] done in 20ms @ http://localhost:3001/_next/static/chunks/node_modules_next_dist_1e8vcs8._.js:776
[ 1674962ms] [LOG] [Fast Refresh] done in 20ms @ http://localhost:3001/_next/static/chunks/node_modules_next_dist_1e8vcs8._.js:776
[ 1675023ms] [LOG] [Fast Refresh] done in 20ms @ http://localhost:3001/_next/static/chunks/node_modules_next_dist_1e8vcs8._.js:776
[ 1675083ms] [LOG] [Fast Refresh] done in 20ms @ http://localhost:3001/_next/static/chunks/node_modules_next_dist_1e8vcs8._.js:776
[ 1675130ms] [LOG] [Fast Refresh] done in 20ms @ http://localhost:3001/_next/static/chunks/node_modules_next_dist_1e8vcs8._.js:776
[ 1675177ms] [LOG] [Fast Refresh] done in 20ms @ http://localhost:3001/_next/static/chunks/node_modules_next_dist_1e8vcs8._.js:776
[ 1675238ms] [LOG] [Fast Refresh] done in 20ms @ http://localhost:3001/_next/static/chunks/node_modules_next_dist_1e8vcs8._.js:776
[ 1675299ms] [LOG] [Fast Refresh] done in 20ms @ http://localhost:3001/_next/static/chunks/node_modules_next_dist_1e8vcs8._.js:776
[ 1675361ms] [LOG] [Fast Refresh] done in 20ms @ http://localhost:3001/_next/static/chunks/node_modules_next_dist_1e8vcs8._.js:776
[ 1675425ms] [LOG] [Fast Refresh] done in 20ms @ http://localhost:3001/_next/static/chunks/node_modules_next_dist_1e8vcs8._.js:776
[ 1675485ms] [LOG] [Fast Refresh] done in 20ms @ http://localhost:3001/_next/static/chunks/node_modules_next_dist_1e8vcs8._.js:776
[ 1675532ms] [LOG] [Fast Refresh] done in 20ms @ http://localhost:3001/_next/static/chunks/node_modules_next_dist_1e8vcs8._.js:776
[ 1675594ms] [LOG] [Fast Refresh] done in 20ms @ http://localhost:3001/_next/static/chunks/node_modules_next_dist_1e8vcs8._.js:776
[ 1675654ms] [LOG] [Fast Refresh] done in 20ms @ http://localhost:3001/_next/static/chunks/node_modules_next_dist_1e8vcs8._.js:776
[ 1675717ms] [LOG] [Fast Refresh] done in 20ms @ http://localhost:3001/_next/static/chunks/node_modules_next_dist_1e8vcs8._.js:776
[ 1675780ms] [LOG] [Fast Refresh] done in 20ms @ http://localhost:3001/_next/static/chunks/node_modules_next_dist_1e8vcs8._.js:776
[ 1675842ms] [LOG] [Fast Refresh] done in 20ms @ http://localhost:3001/_next/static/chunks/node_modules_next_dist_1e8vcs8._.js:776
[ 1675888ms] [LOG] [Fast Refresh] done in 20ms @ http://localhost:3001/_next/static/chunks/node_modules_next_dist_1e8vcs8._.js:776
[ 1675949ms] [LOG] [Fast Refresh] done in 20ms @ http://localhost:3001/_next/static/chunks/node_modules_next_dist_1e8vcs8._.js:776
[ 1676010ms] [LOG] [Fast Refresh] done in 20ms @ http://localhost:3001/_next/static/chunks/node_modules_next_dist_1e8vcs8._.js:776
[ 1676071ms] [LOG] [Fast Refresh] done in 20ms @ http://localhost:3001/_next/static/chunks/node_modules_next_dist_1e8vcs8._.js:776
[ 1676133ms] [LOG] [Fast Refresh] done in 20ms @ http://localhost:3001/_next/static/chunks/node_modules_next_dist_1e8vcs8._.js:776
[ 1676219ms] [LOG] [Fast Refresh] done in 20ms @ http://localhost:3001/_next/static/chunks/node_modules_next_dist_1e8vcs8._.js:776
[ 1676270ms] [LOG] [Fast Refresh] done in 20ms @ http://localhost:3001/_next/static/chunks/node_modules_next_dist_1e8vcs8._.js:776
[ 1676333ms] [LOG] [Fast Refresh] done in 20ms @ http://localhost:3001/_next/static/chunks/node_modules_next_dist_1e8vcs8._.js:776
[ 1676396ms] [LOG] [Fast Refresh] done in 20ms @ http://localhost:3001/_next/static/chunks/node_modules_next_dist_1e8vcs8._.js:776
[ 1676457ms] [LOG] [Fast Refresh] done in 20ms @ http://localhost:3001/_next/static/chunks/node_modules_next_dist_1e8vcs8._.js:776
[ 1676523ms] [LOG] [Fast Refresh] done in 20ms @ http://localhost:3001/_next/static/chunks/node_modules_next_dist_1e8vcs8._.js:776
[ 1676582ms] [LOG] [Fast Refresh] done in 20ms @ http://localhost:3001/_next/static/chunks/node_modules_next_dist_1e8vcs8._.js:776
[ 1676629ms] [LOG] [Fast Refresh] done in 20ms @ http://localhost:3001/_next/static/chunks/node_modules_next_dist_1e8vcs8._.js:776
[ 1676691ms] [LOG] [Fast Refresh] done in 20ms @ http://localhost:3001/_next/static/chunks/node_modules_next_dist_1e8vcs8._.js:776
[ 1676751ms] [LOG] [Fast Refresh] done in 20ms @ http://localhost:3001/_next/static/chunks/node_modules_next_dist_1e8vcs8._.js:776
[ 1676811ms] [LOG] [Fast Refresh] done in 20ms @ http://localhost:3001/_next/static/chunks/node_modules_next_dist_1e8vcs8._.js:776
[ 1676873ms] [LOG] [Fast Refresh] done in 20ms @ http://localhost:3001/_next/static/chunks/node_modules_next_dist_1e8vcs8._.js:776
[ 1676934ms] [LOG] [Fast Refresh] done in 20ms @ http://localhost:3001/_next/static/chunks/node_modules_next_dist_1e8vcs8._.js:776
[ 1676996ms] [LOG] [Fast Refresh] done in 20ms @ http://localhost:3001/_next/static/chunks/node_modules_next_dist_1e8vcs8._.js:776
[ 1677057ms] [LOG] [Fast Refresh] done in 20ms @ http://localhost:3001/_next/static/chunks/node_modules_next_dist_1e8vcs8._.js:776
[ 1677103ms] [LOG] [Fast Refresh] done in 20ms @ http://localhost:3001/_next/static/chunks/node_modules_next_dist_1e8vcs8._.js:776
[ 1677166ms] [LOG] [Fast Refresh] done in 20ms @ http://localhost:3001/_next/static/chunks/node_modules_next_dist_1e8vcs8._.js:776
[ 1677227ms] [LOG] [Fast Refresh] done in 20ms @ http://localhost:3001/_next/static/chunks/node_modules_next_dist_1e8vcs8._.js:776
[ 1677289ms] [LOG] [Fast Refresh] done in 20ms @ http://localhost:3001/_next/static/chunks/node_modules_next_dist_1e8vcs8._.js:776
[ 1677349ms] [LOG] [Fast Refresh] done in 20ms @ http://localhost:3001/_next/static/chunks/node_modules_next_dist_1e8vcs8._.js:776
[ 1677412ms] [LOG] [Fast Refresh] done in 20ms @ http://localhost:3001/_next/static/chunks/node_modules_next_dist_1e8vcs8._.js:776
[ 1677459ms] [LOG] [Fast Refresh] done in 20ms @ http://localhost:3001/_next/static/chunks/node_modules_next_dist_1e8vcs8._.js:776
[ 1677507ms] [LOG] [Fast Refresh] done in 20ms @ http://localhost:3001/_next/static/chunks/node_modules_next_dist_1e8vcs8._.js:776
[ 1677570ms] [LOG] [Fast Refresh] done in 20ms @ http://localhost:3001/_next/static/chunks/node_modules_next_dist_1e8vcs8._.js:776
[ 1677632ms] [LOG] [Fast Refresh] done in 20ms @ http://localhost:3001/_next/static/chunks/node_modules_next_dist_1e8vcs8._.js:776
[ 1677693ms] [LOG] [Fast Refresh] done in 20ms @ http://localhost:3001/_next/static/chunks/node_modules_next_dist_1e8vcs8._.js:776
[ 1677742ms] [LOG] [Fast Refresh] done in 20ms @ http://localhost:3001/_next/static/chunks/node_modules_next_dist_1e8vcs8._.js:776
[ 1677804ms] [LOG] [Fast Refresh] done in 20ms @ http://localhost:3001/_next/static/chunks/node_modules_next_dist_1e8vcs8._.js:776
[ 1677867ms] [LOG] [Fast Refresh] done in 20ms @ http://localhost:3001/_next/static/chunks/node_modules_next_dist_1e8vcs8._.js:776
[ 1677930ms] [LOG] [Fast Refresh] done in 20ms @ http://localhost:3001/_next/static/chunks/node_modules_next_dist_1e8vcs8._.js:776
[ 1677989ms] [LOG] [Fast Refresh] done in 20ms @ http://localhost:3001/_next/static/chunks/node_modules_next_dist_1e8vcs8._.js:776
[ 1678036ms] [LOG] [Fast Refresh] done in 20ms @ http://localhost:3001/_next/static/chunks/node_modules_next_dist_1e8vcs8._.js:776
[ 1678098ms] [LOG] [Fast Refresh] done in 20ms @ http://localhost:3001/_next/static/chunks/node_modules_next_dist_1e8vcs8._.js:776
[ 1678159ms] [LOG] [Fast Refresh] done in 20ms @ http://localhost:3001/_next/static/chunks/node_modules_next_dist_1e8vcs8._.js:776
[ 1678220ms] [LOG] [Fast Refresh] done in 20ms @ http://localhost:3001/_next/static/chunks/node_modules_next_dist_1e8vcs8._.js:776
[ 1678282ms] [LOG] [Fast Refresh] done in 20ms @ http://localhost:3001/_next/static/chunks/node_modules_next_dist_1e8vcs8._.js:776
[ 1678343ms] [LOG] [Fast Refresh] done in 20ms @ http://localhost:3001/_next/static/chunks/node_modules_next_dist_1e8vcs8._.js:776
[ 1678405ms] [LOG] [Fast Refresh] done in 20ms @ http://localhost:3001/_next/static/chunks/node_modules_next_dist_1e8vcs8._.js:776
[ 1678466ms] [LOG] [Fast Refresh] done in 20ms @ http://localhost:3001/_next/static/chunks/node_modules_next_dist_1e8vcs8._.js:776
[ 1678513ms] [LOG] [Fast Refresh] done in 20ms @ http://localhost:3001/_next/static/chunks/node_modules_next_dist_1e8vcs8._.js:776
[ 1678576ms] [LOG] [Fast Refresh] done in 20ms @ http://localhost:3001/_next/static/chunks/node_modules_next_dist_1e8vcs8._.js:776
[ 1678638ms] [LOG] [Fast Refresh] done in 20ms @ http://localhost:3001/_next/static/chunks/node_modules_next_dist_1e8vcs8._.js:776
[ 1678714ms] [LOG] [Fast Refresh] done in 20ms @ http://localhost:3001/_next/static/chunks/node_modules_next_dist_1e8vcs8._.js:776
[ 1678776ms] [LOG] [Fast Refresh] done in 20ms @ http://localhost:3001/_next/static/chunks/node_modules_next_dist_1e8vcs8._.js:776
[ 1678837ms] [LOG] [Fast Refresh] done in 20ms @ http://localhost:3001/_next/static/chunks/node_modules_next_dist_1e8vcs8._.js:776
[ 1678900ms] [LOG] [Fast Refresh] done in 20ms @ http://localhost:3001/_next/static/chunks/node_modules_next_dist_1e8vcs8._.js:776
[ 1678961ms] [LOG] [Fast Refresh] done in 20ms @ http://localhost:3001/_next/static/chunks/node_modules_next_dist_1e8vcs8._.js:776
[ 1679021ms] [LOG] [Fast Refresh] done in 20ms @ http://localhost:3001/_next/static/chunks/node_modules_next_dist_1e8vcs8._.js:776
[ 1679067ms] [LOG] [Fast Refresh] done in 20ms @ http://localhost:3001/_next/static/chunks/node_modules_next_dist_1e8vcs8._.js:776
[ 1679131ms] [LOG] [Fast Refresh] done in 20ms @ http://localhost:3001/_next/static/chunks/node_modules_next_dist_1e8vcs8._.js:776
[ 1679193ms] [LOG] [Fast Refresh] done in 20ms @ http://localhost:3001/_next/static/chunks/node_modules_next_dist_1e8vcs8._.js:776
[ 1679253ms] [LOG] [Fast Refresh] done in 20ms @ http://localhost:3001/_next/static/chunks/node_modules_next_dist_1e8vcs8._.js:776
[ 1679316ms] [LOG] [Fast Refresh] done in 20ms @ http://localhost:3001/_next/static/chunks/node_modules_next_dist_1e8vcs8._.js:776
[ 1679378ms] [LOG] [Fast Refresh] done in 20ms @ http://localhost:3001/_next/static/chunks/node_modules_next_dist_1e8vcs8._.js:776
[ 1679425ms] [LOG] [Fast Refresh] done in 20ms @ http://localhost:3001/_next/static/chunks/node_modules_next_dist_1e8vcs8._.js:776
[ 1679486ms] [LOG] [Fast Refresh] done in 20ms @ http://localhost:3001/_next/static/chunks/node_modules_next_dist_1e8vcs8._.js:776
[ 1679548ms] [LOG] [Fast Refresh] done in 20ms @ http://localhost:3001/_next/static/chunks/node_modules_next_dist_1e8vcs8._.js:776
[ 1679611ms] [LOG] [Fast Refresh] done in 20ms @ http://localhost:3001/_next/static/chunks/node_modules_next_dist_1e8vcs8._.js:776
[ 1679660ms] [LOG] [Fast Refresh] done in 20ms @ http://localhost:3001/_next/static/chunks/node_modules_next_dist_1e8vcs8._.js:776
[ 1679721ms] [LOG] [Fast Refresh] done in 20ms @ http://localhost:3001/_next/static/chunks/node_modules_next_dist_1e8vcs8._.js:776
[ 1679768ms] [LOG] [Fast Refresh] done in 20ms @ http://localhost:3001/_next/static/chunks/node_modules_next_dist_1e8vcs8._.js:776
[ 1679831ms] [LOG] [Fast Refresh] done in 20ms @ http://localhost:3001/_next/static/chunks/node_modules_next_dist_1e8vcs8._.js:776
[ 1679891ms] [LOG] [Fast Refresh] done in 20ms @ http://localhost:3001/_next/static/chunks/node_modules_next_dist_1e8vcs8._.js:776
[ 1679953ms] [LOG] [Fast Refresh] done in 20ms @ http://localhost:3001/_next/static/chunks/node_modules_next_dist_1e8vcs8._.js:776
[ 1679999ms] [LOG] [Fast Refresh] done in 20ms @ http://localhost:3001/_next/static/chunks/node_modules_next_dist_1e8vcs8._.js:776
[ 1680047ms] [LOG] [Fast Refresh] done in 20ms @ http://localhost:3001/_next/static/chunks/node_modules_next_dist_1e8vcs8._.js:776
[ 1680110ms] [LOG] [Fast Refresh] done in 20ms @ http://localhost:3001/_next/static/chunks/node_modules_next_dist_1e8vcs8._.js:776
[ 1680173ms] [LOG] [Fast Refresh] done in 20ms @ http://localhost:3001/_next/static/chunks/node_modules_next_dist_1e8vcs8._.js:776
[ 1680234ms] [LOG] [Fast Refresh] done in 20ms @ http://localhost:3001/_next/static/chunks/node_modules_next_dist_1e8vcs8._.js:776
[ 1680280ms] [LOG] [Fast Refresh] done in 20ms @ http://localhost:3001/_next/static/chunks/node_modules_next_dist_1e8vcs8._.js:776
[ 1680343ms] [LOG] [Fast Refresh] done in 20ms @ http://localhost:3001/_next/static/chunks/node_modules_next_dist_1e8vcs8._.js:776
[ 1680391ms] [LOG] [Fast Refresh] done in 20ms @ http://localhost:3001/_next/static/chunks/node_modules_next_dist_1e8vcs8._.js:776
[ 1680453ms] [LOG] [Fast Refresh] done in 20ms @ http://localhost:3001/_next/static/chunks/node_modules_next_dist_1e8vcs8._.js:776
[ 1680502ms] [LOG] [Fast Refresh] done in 20ms @ http://localhost:3001/_next/static/chunks/node_modules_next_dist_1e8vcs8._.js:776
[ 1680570ms] [LOG] [Fast Refresh] done in 20ms @ http://localhost:3001/_next/static/chunks/node_modules_next_dist_1e8vcs8._.js:776
[ 1680624ms] [LOG] [Fast Refresh] done in 20ms @ http://localhost:3001/_next/static/chunks/node_modules_next_dist_1e8vcs8._.js:776
[ 1680749ms] [LOG] [Fast Refresh] done in 20ms @ http://localhost:3001/_next/static/chunks/node_modules_next_dist_1e8vcs8._.js:776
[ 1680810ms] [LOG] [Fast Refresh] done in 20ms @ http://localhost:3001/_next/static/chunks/node_modules_next_dist_1e8vcs8._.js:776
[ 1680870ms] [LOG] [Fast Refresh] done in 20ms @ http://localhost:3001/_next/static/chunks/node_modules_next_dist_1e8vcs8._.js:776
[ 1693237ms] [INFO] %cDownload the React DevTools for a better development experience: https://react.dev/link/react-devtools font-weight:bold @ http://localhost:3001/_next/static/chunks/node_modules_next_dist_1e8vcs8._.js:776
[ 1693250ms] [LOG] [HMR] connected @ http://localhost:3001/_next/static/chunks/node_modules_next_dist_1e8vcs8._.js:776
[ 1726076ms] [ERROR] WebSocket connection to 'ws://localhost:3001/_next/hmr?id=UBLq5hSdEcHOi-dkIRfGa' failed: Error in connection establishment: net::ERR_CONNECTION_REFUSED @ http://localhost:3001/_next/static/chunks/node_modules_next_dist_client_0_90u2t._.js:16348
[ 1727081ms] [ERROR] WebSocket connection to 'ws://localhost:3001/_next/hmr?id=UBLq5hSdEcHOi-dkIRfGa' failed: Error in connection establishment: net::ERR_CONNECTION_REFUSED @ http://localhost:3001/_next/static/chunks/node_modules_next_dist_client_0_90u2t._.js:16348
[ 1728086ms] [ERROR] WebSocket connection to 'ws://localhost:3001/_next/hmr?id=UBLq5hSdEcHOi-dkIRfGa' failed: Error in connection establishment: net::ERR_CONNECTION_REFUSED @ http://localhost:3001/_next/static/chunks/node_modules_next_dist_client_0_90u2t._.js:16348
[ 1729089ms] [ERROR] WebSocket connection to 'ws://localhost:3001/_next/hmr?id=UBLq5hSdEcHOi-dkIRfGa' failed: Error in connection establishment: net::ERR_CONNECTION_REFUSED @ http://localhost:3001/_next/static/chunks/node_modules_next_dist_client_0_90u2t._.js:16348
[ 1730096ms] [ERROR] WebSocket connection to 'ws://localhost:3001/_next/hmr?id=UBLq5hSdEcHOi-dkIRfGa' failed: Error in connection establishment: net::ERR_CONNECTION_REFUSED @ http://localhost:3001/_next/static/chunks/node_modules_next_dist_client_0_90u2t._.js:16348
[ 1735110ms] [ERROR] WebSocket connection to 'ws://localhost:3001/_next/hmr?id=UBLq5hSdEcHOi-dkIRfGa' failed: Error in connection establishment: net::ERR_CONNECTION_REFUSED @ http://localhost:3001/_next/static/chunks/node_modules_next_dist_client_0_90u2t._.js:16348
[ 1740134ms] [ERROR] WebSocket connection to 'ws://localhost:3001/_next/hmr?id=UBLq5hSdEcHOi-dkIRfGa' failed: Error in connection establishment: net::ERR_CONNECTION_REFUSED @ http://localhost:3001/_next/static/chunks/node_modules_next_dist_client_0_90u2t._.js:16348
[ 1745146ms] [ERROR] WebSocket connection to 'ws://localhost:3001/_next/hmr?id=UBLq5hSdEcHOi-dkIRfGa' failed: Error in connection establishment: net::ERR_CONNECTION_REFUSED @ http://localhost:3001/_next/static/chunks/node_modules_next_dist_client_0_90u2t._.js:16348
[ 1750152ms] [ERROR] WebSocket connection to 'ws://localhost:3001/_next/hmr?id=UBLq5hSdEcHOi-dkIRfGa' failed: Error in connection establishment: net::ERR_CONNECTION_REFUSED @ http://localhost:3001/_next/static/chunks/node_modules_next_dist_client_0_90u2t._.js:16348
[ 1755173ms] [ERROR] WebSocket connection to 'ws://localhost:3001/_next/hmr?id=UBLq5hSdEcHOi-dkIRfGa' failed: Error in connection establishment: net::ERR_CONNECTION_REFUSED @ http://localhost:3001/_next/static/chunks/node_modules_next_dist_client_0_90u2t._.js:16348
[ 1760187ms] [ERROR] WebSocket connection to 'ws://localhost:3001/_next/hmr?id=UBLq5hSdEcHOi-dkIRfGa' failed: Error in connection establishment: net::ERR_CONNECTION_REFUSED @ http://localhost:3001/_next/static/chunks/node_modules_next_dist_client_0_90u2t._.js:16348
[ 1765198ms] [ERROR] WebSocket connection to 'ws://localhost:3001/_next/hmr?id=UBLq5hSdEcHOi-dkIRfGa' failed: Error in connection establishment: net::ERR_CONNECTION_REFUSED @ http://localhost:3001/_next/static/chunks/node_modules_next_dist_client_0_90u2t._.js:16348
